{"Version":1,"ManifestType":"Publish","Endpoints":[{"Route":"uploads/17f39459-916a-45ae-9e0a-fa99a88515a0.1amm9syd0i.jpg","AssetFile":"uploads/17f39459-916a-45ae-9e0a-fa99a88515a0.jpg","Selectors":[],"ResponseHeaders":[{"Name":"Accept-Ranges","Value":"bytes"},{"Name":"Cache-Control","Value":"max-age=31536000, immutable"},{"Name":"Content-Length","Value":"391928"},{"Name":"Content-Type","Value":"image/jpeg"},{"Name":"ETag","Value":"\"SRMCfzI5xtxlH2eDKCtV3vm+X3hMkCxPx0FM0fwYj88=\""},{"Name":"Last-Modified","Value":"Tue, 30 Dec 2025 18:17:58 GMT"}],"EndpointProperties":[{"Name":"fingerprint","Value":"1amm9syd0i"},{"Name":"integrity","Value":"sha256-SRMCfzI5xtxlH2eDKCtV3vm+X3hMkCxPx0FM0fwYj88="},{"Name":"label","Value":"uploads/17f39459-916a-45ae-9e0a-fa99a88515a0.jpg"}]},{"Route":"uploads/17f39459-916a-45ae-9e0a-fa99a88515a0.jpg","AssetFile":"uploads/17f39459-916a-45ae-9e0a-fa99a88515a0.jpg","Selectors":[],"ResponseHeaders":[{"Name":"Accept-Ranges","Value":"bytes"},{"Name":"Cache-Control","Value":"no-cache"},{"Name":"Content-Length","Value":"391928"},{"Name":"Content-Type","Value":"image/jpeg"},{"Name":"ETag","Value":"\"SRMCfzI5xtxlH2eDKCtV3vm+X3hMkCxPx0FM0fwYj88=\""},{"Name":"Last-Modified","Value":"Tue, 30 Dec 2025 18:17:58 GMT"}],"EndpointProperties":[{"Name":"integrity","Value":"sha256-SRMCfzI5xtxlH2eDKCtV3vm+X3hMkCxPx0FM0fwYj88="}]},{"Route":"uploads/30925228-2fbb-4757-8f1e-353260f32264.1amm9syd0i.jpg","AssetFile":"uploads/30925228-2fbb-4757-8f1e-353260f32264.jpg","Selectors":[],"ResponseHeaders":[{"Name":"Accept-Ranges","Value":"bytes"},{"Name":"Cache-Control","Value":"max-age=31536000, immutable"},{"Name":"Content-Length","Value":"391928"},{"Name":"Content-Type","Value":"image/jpeg"},{"Name":"ETag","Value":"\"SRMCfzI5xtxlH2eDKCtV3vm+X3hMkCxPx0FM0fwYj88=\""},{"Name":"Last-Modified","Value":"Tue, 30 Dec 2025 19:31:30 GMT"}],"EndpointProperties":[{"Name":"fingerprint","Value":"1amm9syd0i"},{"Name":"integrity","Value":"sha256-SRMCfzI5xtxlH2eDKCtV3vm+X3hMkCxPx0FM0fwYj88="},{"Name":"label","Value":"uploads/30925228-2fbb-4757-8f1e-353260f32264.jpg"}]},{"Route":"uploads/30925228-2fbb-4757-8f1e-353260f32264.jpg","AssetFile":"uploads/30925228-2fbb-4757-8f1e-353260f32264.jpg","Selectors":[],"ResponseHeaders":[{"Name":"Accept-Ranges","Value":"bytes"},{"Name":"Cache-Control","Value":"no-cache"},{"Name":"Content-Length","Value":"391928"},{"Name":"Content-Type","Value":"image/jpeg"},{"Name":"ETag","Value":"\"SRMCfzI5xtxlH2eDKCtV3vm+X3hMkCxPx0FM0fwYj88=\""},{"Name":"Last-Modified","Value":"Tue, 30 Dec 2025 19:31:30 GMT"}],"EndpointProperties":[{"Name":"integrity","Value":"sha256-SRMCfzI5xtxlH2eDKCtV3vm+X3hMkCxPx0FM0fwYj88="}]},{"Route":"uploads/3b9fd1df-cae1-4101-a734-6c456783c04d.jpg","AssetFile":"uploads/3b9fd1df-cae1-4101-a734-6c456783c04d.jpg","Selectors":[],"ResponseHeaders":[{"Name":"Accept-Ranges","Value":"bytes"},{"Name":"Cache-Control","Value":"no-cache"},{"Name":"Content-Length","Value":"266776"},{"Name":"Content-Type","Value":"image/jpeg"},{"Name":"ETag","Value":"\"RPChS9J2Sf7c/fsP/ECY2yCgcub+/jRGu+LQTb5XZq0=\""},{"Name":"Last-Modified","Value":"Tue, 30 Dec 2025 07:26:10 GMT"}],"EndpointProperties":[{"Name":"integrity","Value":"sha256-RPChS9J2Sf7c/fsP/ECY2yCgcub+/jRGu+LQTb5XZq0="}]},{"Route":"uploads/3b9fd1df-cae1-4101-a734-6c456783c04d.s8szytyqee.jpg","AssetFile":"uploads/3b9fd1df-cae1-4101-a734-6c456783c04d.jpg","Selectors":[],"ResponseHeaders":[{"Name":"Accept-Ranges","Value":"bytes"},{"Name":"Cache-Control","Value":"max-age=31536000, immutable"},{"Name":"Content-Length","Value":"266776"},{"Name":"Content-Type","Value":"image/jpeg"},{"Name":"ETag","Value":"\"RPChS9J2Sf7c/fsP/ECY2yCgcub+/jRGu+LQTb5XZq0=\""},{"Name":"Last-Modified","Value":"Tue, 30 Dec 2025 07:26:10 GMT"}],"EndpointProperties":[{"Name":"fingerprint","Value":"s8szytyqee"},{"Name":"integrity","Value":"sha256-RPChS9J2Sf7c/fsP/ECY2yCgcub+/jRGu+LQTb5XZq0="},{"Name":"label","Value":"uploads/3b9fd1df-cae1-4101-a734-6c456783c04d.jpg"}]},{"Route":"uploads/4bd01360-8c79-4a28-ba6b-78b8c262ad1a.jpg","AssetFile":"uploads/4bd01360-8c79-4a28-ba6b-78b8c262ad1a.jpg","Selectors":[],"ResponseHeaders":[{"Name":"Accept-Ranges","Value":"bytes"},{"Name":"Cache-Control","Value":"no-cache"},{"Name":"Content-Length","Value":"6215590"},{"Name":"Content-Type","Value":"image/jpeg"},{"Name":"ETag","Value":"\"nWFjUPFqNhfAUC+EE+5h91PeEwZV7U5Bm2wAARCZBcQ=\""},{"Name":"Last-Modified","Value":"Tue, 30 Dec 2025 18:22:41 GMT"}],"EndpointProperties":[{"Name":"integrity","Value":"sha256-nWFjUPFqNhfAUC+EE+5h91PeEwZV7U5Bm2wAARCZBcQ="}]},{"Route":"uploads/4bd01360-8c79-4a28-ba6b-78b8c262ad1a.nf7ndnftbg.jpg","AssetFile":"uploads/4bd01360-8c79-4a28-ba6b-78b8c262ad1a.jpg","Selectors":[],"ResponseHeaders":[{"Name":"Accept-Ranges","Value":"bytes"},{"Name":"Cache-Control","Value":"max-age=31536000, immutable"},{"Name":"Content-Length","Value":"6215590"},{"Name":"Content-Type","Value":"image/jpeg"},{"Name":"ETag","Value":"\"nWFjUPFqNhfAUC+EE+5h91PeEwZV7U5Bm2wAARCZBcQ=\""},{"Name":"Last-Modified","Value":"Tue, 30 Dec 2025 18:22:41 GMT"}],"EndpointProperties":[{"Name":"fingerprint","Value":"nf7ndnftbg"},{"Name":"integrity","Value":"sha256-nWFjUPFqNhfAUC+EE+5h91PeEwZV7U5Bm2wAARCZBcQ="},{"Name":"label","Value":"uploads/4bd01360-8c79-4a28-ba6b-78b8c262ad1a.jpg"}]},{"Route":"uploads/5262e24c-6346-45a7-b9df-a907b88a4fcf.5lw1e66h02.jpg","AssetFile":"uploads/5262e24c-6346-45a7-b9df-a907b88a4fcf.jpg","Selectors":[],"ResponseHeaders":[{"Name":"Accept-Ranges","Value":"bytes"},{"Name":"Cache-Control","Value":"max-age=31536000, immutable"},{"Name":"Content-Length","Value":"326358"},{"Name":"Content-Type","Value":"image/jpeg"},{"Name":"ETag","Value":"\"x15DUwpDCbzXV3a/8Dc2hy+kmySxKUCoBeOQlYGMSrQ=\""},{"Name":"Last-Modified","Value":"Tue, 30 Dec 2025 18:22:35 GMT"}],"EndpointProperties":[{"Name":"fingerprint","Value":"5lw1e66h02"},{"Name":"integrity","Value":"sha256-x15DUwpDCbzXV3a/8Dc2hy+kmySxKUCoBeOQlYGMSrQ="},{"Name":"label","Value":"uploads/5262e24c-6346-45a7-b9df-a907b88a4fcf.jpg"}]},{"Route":"uploads/5262e24c-6346-45a7-b9df-a907b88a4fcf.jpg","AssetFile":"uploads/5262e24c-6346-45a7-b9df-a907b88a4fcf.jpg","Selectors":[],"ResponseHeaders":[{"Name":"Accept-Ranges","Value":"bytes"},{"Name":"Cache-Control","Value":"no-cache"},{"Name":"Content-Length","Value":"326358"},{"Name":"Content-Type","Value":"image/jpeg"},{"Name":"ETag","Value":"\"x15DUwpDCbzXV3a/8Dc2hy+kmySxKUCoBeOQlYGMSrQ=\""},{"Name":"Last-Modified","Value":"Tue, 30 Dec 2025 18:22:35 GMT"}],"EndpointProperties":[{"Name":"integrity","Value":"sha256-x15DUwpDCbzXV3a/8Dc2hy+kmySxKUCoBeOQlYGMSrQ="}]},{"Route":"uploads/5ddb8ee5-b96b-47b6-a191-62e690808796.jpg","AssetFile":"uploads/5ddb8ee5-b96b-47b6-a191-62e690808796.jpg","Selectors":[],"ResponseHeaders":[{"Name":"Accept-Ranges","Value":"bytes"},{"Name":"Cache-Control","Value":"no-cache"},{"Name":"Content-Length","Value":"6215590"},{"Name":"Content-Type","Value":"image/jpeg"},{"Name":"ETag","Value":"\"nWFjUPFqNhfAUC+EE+5h91PeEwZV7U5Bm2wAARCZBcQ=\""},{"Name":"Last-Modified","Value":"Mon, 29 Dec 2025 22:46:04 GMT"}],"EndpointProperties":[{"Name":"integrity","Value":"sha256-nWFjUPFqNhfAUC+EE+5h91PeEwZV7U5Bm2wAARCZBcQ="}]},{"Route":"uploads/5ddb8ee5-b96b-47b6-a191-62e690808796.nf7ndnftbg.jpg","AssetFile":"uploads/5ddb8ee5-b96b-47b6-a191-62e690808796.jpg","Selectors":[],"ResponseHeaders":[{"Name":"Accept-Ranges","Value":"bytes"},{"Name":"Cache-Control","Value":"max-age=31536000, immutable"},{"Name":"Content-Length","Value":"6215590"},{"Name":"Content-Type","Value":"image/jpeg"},{"Name":"ETag","Value":"\"nWFjUPFqNhfAUC+EE+5h91PeEwZV7U5Bm2wAARCZBcQ=\""},{"Name":"Last-Modified","Value":"Mon, 29 Dec 2025 22:46:04 GMT"}],"EndpointProperties":[{"Name":"fingerprint","Value":"nf7ndnftbg"},{"Name":"integrity","Value":"sha256-nWFjUPFqNhfAUC+EE+5h91PeEwZV7U5Bm2wAARCZBcQ="},{"Name":"label","Value":"uploads/5ddb8ee5-b96b-47b6-a191-62e690808796.jpg"}]},{"Route":"uploads/710d8383-9272-4e00-b5fc-f416a9269da0.5lw1e66h02.jpg","AssetFile":"uploads/710d8383-9272-4e00-b5fc-f416a9269da0.jpg","Selectors":[],"ResponseHeaders":[{"Name":"Accept-Ranges","Value":"bytes"},{"Name":"Cache-Control","Value":"max-age=31536000, immutable"},{"Name":"Content-Length","Value":"326358"},{"Name":"Content-Type","Value":"image/jpeg"},{"Name":"ETag","Value":"\"x15DUwpDCbzXV3a/8Dc2hy+kmySxKUCoBeOQlYGMSrQ=\""},{"Name":"Last-Modified","Value":"Mon, 29 Dec 2025 22:45:57 GMT"}],"EndpointProperties":[{"Name":"fingerprint","Value":"5lw1e66h02"},{"Name":"integrity","Value":"sha256-x15DUwpDCbzXV3a/8Dc2hy+kmySxKUCoBeOQlYGMSrQ="},{"Name":"label","Value":"uploads/710d8383-9272-4e00-b5fc-f416a9269da0.jpg"}]},{"Route":"uploads/710d8383-9272-4e00-b5fc-f416a9269da0.jpg","AssetFile":"uploads/710d8383-9272-4e00-b5fc-f416a9269da0.jpg","Selectors":[],"ResponseHeaders":[{"Name":"Accept-Ranges","Value":"bytes"},{"Name":"Cache-Control","Value":"no-cache"},{"Name":"Content-Length","Value":"326358"},{"Name":"Content-Type","Value":"image/jpeg"},{"Name":"ETag","Value":"\"x15DUwpDCbzXV3a/8Dc2hy+kmySxKUCoBeOQlYGMSrQ=\""},{"Name":"Last-Modified","Value":"Mon, 29 Dec 2025 22:45:57 GMT"}],"EndpointProperties":[{"Name":"integrity","Value":"sha256-x15DUwpDCbzXV3a/8Dc2hy+kmySxKUCoBeOQlYGMSrQ="}]},{"Route":"uploads/80aca580-3e02-48f6-95ae-462d008b82a2.jpg","AssetFile":"uploads/80aca580-3e02-48f6-95ae-462d008b82a2.jpg","Selectors":[],"ResponseHeaders":[{"Name":"Accept-Ranges","Value":"bytes"},{"Name":"Cache-Control","Value":"no-cache"},{"Name":"Content-Length","Value":"76553"},{"Name":"Content-Type","Value":"image/jpeg"},{"Name":"ETag","Value":"\"s6dLdOGcz8EZGl4aXwTEBpYqeiliv6gATrma1/FaN+E=\""},{"Name":"Last-Modified","Value":"Sun, 18 Jan 2026 21:24:25 GMT"}],"EndpointProperties":[{"Name":"integrity","Value":"sha256-s6dLdOGcz8EZGl4aXwTEBpYqeiliv6gATrma1/FaN+E="}]},{"Route":"uploads/80aca580-3e02-48f6-95ae-462d008b82a2.zsufmyo95h.jpg","AssetFile":"uploads/80aca580-3e02-48f6-95ae-462d008b82a2.jpg","Selectors":[],"ResponseHeaders":[{"Name":"Accept-Ranges","Value":"bytes"},{"Name":"Cache-Control","Value":"max-age=31536000, immutable"},{"Name":"Content-Length","Value":"76553"},{"Name":"Content-Type","Value":"image/jpeg"},{"Name":"ETag","Value":"\"s6dLdOGcz8EZGl4aXwTEBpYqeiliv6gATrma1/FaN+E=\""},{"Name":"Last-Modified","Value":"Sun, 18 Jan 2026 21:24:25 GMT"}],"EndpointProperties":[{"Name":"fingerprint","Value":"zsufmyo95h"},{"Name":"integrity","Value":"sha256-s6dLdOGcz8EZGl4aXwTEBpYqeiliv6gATrma1/FaN+E="},{"Name":"label","Value":"uploads/80aca580-3e02-48f6-95ae-462d008b82a2.jpg"}]},{"Route":"uploads/8fc43000-9634-4a55-87a7-5be05890dc85.ckl3dn6zcj.jpg","AssetFile":"uploads/8fc43000-9634-4a55-87a7-5be05890dc85.jpg","Selectors":[],"ResponseHeaders":[{"Name":"Accept-Ranges","Value":"bytes"},{"Name":"Cache-Control","Value":"max-age=31536000, immutable"},{"Name":"Content-Length","Value":"1376372"},{"Name":"Content-Type","Value":"image/jpeg"},{"Name":"ETag","Value":"\"7JgJQbmSTJFXd2B+K+Saf6xUYOLZ16uS/p92NMx8rgw=\""},{"Name":"Last-Modified","Value":"Sun, 18 Jan 2026 21:24:25 GMT"}],"EndpointProperties":[{"Name":"fingerprint","Value":"ckl3dn6zcj"},{"Name":"integrity","Value":"sha256-7JgJQbmSTJFXd2B+K+Saf6xUYOLZ16uS/p92NMx8rgw="},{"Name":"label","Value":"uploads/8fc43000-9634-4a55-87a7-5be05890dc85.jpg"}]},{"Route":"uploads/8fc43000-9634-4a55-87a7-5be05890dc85.jpg","AssetFile":"uploads/8fc43000-9634-4a55-87a7-5be05890dc85.jpg","Selectors":[],"ResponseHeaders":[{"Name":"Accept-Ranges","Value":"bytes"},{"Name":"Cache-Control","Value":"no-cache"},{"Name":"Content-Length","Value":"1376372"},{"Name":"Content-Type","Value":"image/jpeg"},{"Name":"ETag","Value":"\"7JgJQbmSTJFXd2B+K+Saf6xUYOLZ16uS/p92NMx8rgw=\""},{"Name":"Last-Modified","Value":"Sun, 18 Jan 2026 21:24:25 GMT"}],"EndpointProperties":[{"Name":"integrity","Value":"sha256-7JgJQbmSTJFXd2B+K+Saf6xUYOLZ16uS/p92NMx8rgw="}]},{"Route":"uploads/900d7b5d-4900-4ef5-aebb-755e0446eeed.1amm9syd0i.jpg","AssetFile":"uploads/900d7b5d-4900-4ef5-aebb-755e0446eeed.jpg","Selectors":[],"ResponseHeaders":[{"Name":"Accept-Ranges","Value":"bytes"},{"Name":"Cache-Control","Value":"max-age=31536000, immutable"},{"Name":"Content-Length","Value":"391928"},{"Name":"Content-Type","Value":"image/jpeg"},{"Name":"ETag","Value":"\"SRMCfzI5xtxlH2eDKCtV3vm+X3hMkCxPx0FM0fwYj88=\""},{"Name":"Last-Modified","Value":"Tue, 30 Dec 2025 19:32:56 GMT"}],"EndpointProperties":[{"Name":"fingerprint","Value":"1amm9syd0i"},{"Name":"integrity","Value":"sha256-SRMCfzI5xtxlH2eDKCtV3vm+X3hMkCxPx0FM0fwYj88="},{"Name":"label","Value":"uploads/900d7b5d-4900-4ef5-aebb-755e0446eeed.jpg"}]},{"Route":"uploads/900d7b5d-4900-4ef5-aebb-755e0446eeed.jpg","AssetFile":"uploads/900d7b5d-4900-4ef5-aebb-755e0446eeed.jpg","Selectors":[],"ResponseHeaders":[{"Name":"Accept-Ranges","Value":"bytes"},{"Name":"Cache-Control","Value":"no-cache"},{"Name":"Content-Length","Value":"391928"},{"Name":"Content-Type","Value":"image/jpeg"},{"Name":"ETag","Value":"\"SRMCfzI5xtxlH2eDKCtV3vm+X3hMkCxPx0FM0fwYj88=\""},{"Name":"Last-Modified","Value":"Tue, 30 Dec 2025 19:32:56 GMT"}],"EndpointProperties":[{"Name":"integrity","Value":"sha256-SRMCfzI5xtxlH2eDKCtV3vm+X3hMkCxPx0FM0fwYj88="}]},{"Route":"uploads/921e029f-20a6-427d-8ee6-7d8baa86450b.1amm9syd0i.jpg","AssetFile":"uploads/921e029f-20a6-427d-8ee6-7d8baa86450b.jpg","Selectors":[],"ResponseHeaders":[{"Name":"Accept-Ranges","Value":"bytes"},{"Name":"Cache-Control","Value":"max-age=31536000, immutable"},{"Name":"Content-Length","Value":"391928"},{"Name":"Content-Type","Value":"image/jpeg"},{"Name":"ETag","Value":"\"SRMCfzI5xtxlH2eDKCtV3vm+X3hMkCxPx0FM0fwYj88=\""},{"Name":"Last-Modified","Value":"Tue, 30 Dec 2025 19:32:44 GMT"}],"EndpointProperties":[{"Name":"fingerprint","Value":"1amm9syd0i"},{"Name":"integrity","Value":"sha256-SRMCfzI5xtxlH2eDKCtV3vm+X3hMkCxPx0FM0fwYj88="},{"Name":"label","Value":"uploads/921e029f-20a6-427d-8ee6-7d8baa86450b.jpg"}]},{"Route":"uploads/921e029f-20a6-427d-8ee6-7d8baa86450b.jpg","AssetFile":"uploads/921e029f-20a6-427d-8ee6-7d8baa86450b.jpg","Selectors":[],"ResponseHeaders":[{"Name":"Accept-Ranges","Value":"bytes"},{"Name":"Cache-Control","Value":"no-cache"},{"Name":"Content-Length","Value":"391928"},{"Name":"Content-Type","Value":"image/jpeg"},{"Name":"ETag","Value":"\"SRMCfzI5xtxlH2eDKCtV3vm+X3hMkCxPx0FM0fwYj88=\""},{"Name":"Last-Modified","Value":"Tue, 30 Dec 2025 19:32:44 GMT"}],"EndpointProperties":[{"Name":"integrity","Value":"sha256-SRMCfzI5xtxlH2eDKCtV3vm+X3hMkCxPx0FM0fwYj88="}]},{"Route":"uploads/a2f46133-73d9-4687-88cf-d801d2fa0563.jpg","AssetFile":"uploads/a2f46133-73d9-4687-88cf-d801d2fa0563.jpg","Selectors":[],"ResponseHeaders":[{"Name":"Accept-Ranges","Value":"bytes"},{"Name":"Cache-Control","Value":"no-cache"},{"Name":"Content-Length","Value":"151786"},{"Name":"Content-Type","Value":"image/jpeg"},{"Name":"ETag","Value":"\"+VUDqdgVyZZSELcBJhIEvMD/uMTFQi43qFZ6wWb48vk=\""},{"Name":"Last-Modified","Value":"Tue, 30 Dec 2025 07:26:32 GMT"}],"EndpointProperties":[{"Name":"integrity","Value":"sha256-+VUDqdgVyZZSELcBJhIEvMD/uMTFQi43qFZ6wWb48vk="}]},{"Route":"uploads/a2f46133-73d9-4687-88cf-d801d2fa0563.xab7x4leup.jpg","AssetFile":"uploads/a2f46133-73d9-4687-88cf-d801d2fa0563.jpg","Selectors":[],"ResponseHeaders":[{"Name":"Accept-Ranges","Value":"bytes"},{"Name":"Cache-Control","Value":"max-age=31536000, immutable"},{"Name":"Content-Length","Value":"151786"},{"Name":"Content-Type","Value":"image/jpeg"},{"Name":"ETag","Value":"\"+VUDqdgVyZZSELcBJhIEvMD/uMTFQi43qFZ6wWb48vk=\""},{"Name":"Last-Modified","Value":"Tue, 30 Dec 2025 07:26:32 GMT"}],"EndpointProperties":[{"Name":"fingerprint","Value":"xab7x4leup"},{"Name":"integrity","Value":"sha256-+VUDqdgVyZZSELcBJhIEvMD/uMTFQi43qFZ6wWb48vk="},{"Name":"label","Value":"uploads/a2f46133-73d9-4687-88cf-d801d2fa0563.jpg"}]},{"Route":"uploads/a37e5bf9-9163-4fe4-aaaf-252a6ea514fa.23fnelq6hf.jpg","AssetFile":"uploads/a37e5bf9-9163-4fe4-aaaf-252a6ea514fa.jpg","Selectors":[],"ResponseHeaders":[{"Name":"Accept-Ranges","Value":"bytes"},{"Name":"Cache-Control","Value":"max-age=31536000, immutable"},{"Name":"Content-Length","Value":"647531"},{"Name":"Content-Type","Value":"image/jpeg"},{"Name":"ETag","Value":"\"4vGOAnaZpFKMB6bI3H1GfUIRTQVQ2D5hkpJ/CRVc77E=\""},{"Name":"Last-Modified","Value":"Tue, 30 Dec 2025 18:22:24 GMT"}],"EndpointProperties":[{"Name":"fingerprint","Value":"23fnelq6hf"},{"Name":"integrity","Value":"sha256-4vGOAnaZpFKMB6bI3H1GfUIRTQVQ2D5hkpJ/CRVc77E="},{"Name":"label","Value":"uploads/a37e5bf9-9163-4fe4-aaaf-252a6ea514fa.jpg"}]},{"Route":"uploads/a37e5bf9-9163-4fe4-aaaf-252a6ea514fa.jpg","AssetFile":"uploads/a37e5bf9-9163-4fe4-aaaf-252a6ea514fa.jpg","Selectors":[],"ResponseHeaders":[{"Name":"Accept-Ranges","Value":"bytes"},{"Name":"Cache-Control","Value":"no-cache"},{"Name":"Content-Length","Value":"647531"},{"Name":"Content-Type","Value":"image/jpeg"},{"Name":"ETag","Value":"\"4vGOAnaZpFKMB6bI3H1GfUIRTQVQ2D5hkpJ/CRVc77E=\""},{"Name":"Last-Modified","Value":"Tue, 30 Dec 2025 18:22:24 GMT"}],"EndpointProperties":[{"Name":"integrity","Value":"sha256-4vGOAnaZpFKMB6bI3H1GfUIRTQVQ2D5hkpJ/CRVc77E="}]},{"Route":"uploads/c25dd393-923c-4313-a477-7f471fcabac8.1amm9syd0i.jpg","AssetFile":"uploads/c25dd393-923c-4313-a477-7f471fcabac8.jpg","Selectors":[],"ResponseHeaders":[{"Name":"Accept-Ranges","Value":"bytes"},{"Name":"Cache-Control","Value":"max-age=31536000, immutable"},{"Name":"Content-Length","Value":"391928"},{"Name":"Content-Type","Value":"image/jpeg"},{"Name":"ETag","Value":"\"SRMCfzI5xtxlH2eDKCtV3vm+X3hMkCxPx0FM0fwYj88=\""},{"Name":"Last-Modified","Value":"Tue, 30 Dec 2025 19:32:26 GMT"}],"EndpointProperties":[{"Name":"fingerprint","Value":"1amm9syd0i"},{"Name":"integrity","Value":"sha256-SRMCfzI5xtxlH2eDKCtV3vm+X3hMkCxPx0FM0fwYj88="},{"Name":"label","Value":"uploads/c25dd393-923c-4313-a477-7f471fcabac8.jpg"}]},{"Route":"uploads/c25dd393-923c-4313-a477-7f471fcabac8.jpg","AssetFile":"uploads/c25dd393-923c-4313-a477-7f471fcabac8.jpg","Selectors":[],"ResponseHeaders":[{"Name":"Accept-Ranges","Value":"bytes"},{"Name":"Cache-Control","Value":"no-cache"},{"Name":"Content-Length","Value":"391928"},{"Name":"Content-Type","Value":"image/jpeg"},{"Name":"ETag","Value":"\"SRMCfzI5xtxlH2eDKCtV3vm+X3hMkCxPx0FM0fwYj88=\""},{"Name":"Last-Modified","Value":"Tue, 30 Dec 2025 19:32:26 GMT"}],"EndpointProperties":[{"Name":"integrity","Value":"sha256-SRMCfzI5xtxlH2eDKCtV3vm+X3hMkCxPx0FM0fwYj88="}]},{"Route":"uploads/c2f7cd25-d423-4d82-bc5f-b9f3790cb765.jpg","AssetFile":"uploads/c2f7cd25-d423-4d82-bc5f-b9f3790cb765.jpg","Selectors":[],"ResponseHeaders":[{"Name":"Accept-Ranges","Value":"bytes"},{"Name":"Cache-Control","Value":"no-cache"},{"Name":"Content-Length","Value":"95383"},{"Name":"Content-Type","Value":"image/jpeg"},{"Name":"ETag","Value":"\"zSRqjYo7xGfaNcJPjVS7rszpbGDeRssmzKerYF8yPBk=\""},{"Name":"Last-Modified","Value":"Tue, 30 Dec 2025 07:26:20 GMT"}],"EndpointProperties":[{"Name":"integrity","Value":"sha256-zSRqjYo7xGfaNcJPjVS7rszpbGDeRssmzKerYF8yPBk="}]},{"Route":"uploads/c2f7cd25-d423-4d82-bc5f-b9f3790cb765.z8vwxtupwp.jpg","AssetFile":"uploads/c2f7cd25-d423-4d82-bc5f-b9f3790cb765.jpg","Selectors":[],"ResponseHeaders":[{"Name":"Accept-Ranges","Value":"bytes"},{"Name":"Cache-Control","Value":"max-age=31536000, immutable"},{"Name":"Content-Length","Value":"95383"},{"Name":"Content-Type","Value":"image/jpeg"},{"Name":"ETag","Value":"\"zSRqjYo7xGfaNcJPjVS7rszpbGDeRssmzKerYF8yPBk=\""},{"Name":"Last-Modified","Value":"Tue, 30 Dec 2025 07:26:20 GMT"}],"EndpointProperties":[{"Name":"fingerprint","Value":"z8vwxtupwp"},{"Name":"integrity","Value":"sha256-zSRqjYo7xGfaNcJPjVS7rszpbGDeRssmzKerYF8yPBk="},{"Name":"label","Value":"uploads/c2f7cd25-d423-4d82-bc5f-b9f3790cb765.jpg"}]},{"Route":"uploads/c7171ca8-a3b3-4023-a1cb-fe13e90601a0.1amm9syd0i.jpg","AssetFile":"uploads/c7171ca8-a3b3-4023-a1cb-fe13e90601a0.jpg","Selectors":[],"ResponseHeaders":[{"Name":"Accept-Ranges","Value":"bytes"},{"Name":"Cache-Control","Value":"max-age=31536000, immutable"},{"Name":"Content-Length","Value":"391928"},{"Name":"Content-Type","Value":"image/jpeg"},{"Name":"ETag","Value":"\"SRMCfzI5xtxlH2eDKCtV3vm+X3hMkCxPx0FM0fwYj88=\""},{"Name":"Last-Modified","Value":"Tue, 30 Dec 2025 19:31:43 GMT"}],"EndpointProperties":[{"Name":"fingerprint","Value":"1amm9syd0i"},{"Name":"integrity","Value":"sha256-SRMCfzI5xtxlH2eDKCtV3vm+X3hMkCxPx0FM0fwYj88="},{"Name":"label","Value":"uploads/c7171ca8-a3b3-4023-a1cb-fe13e90601a0.jpg"}]},{"Route":"uploads/c7171ca8-a3b3-4023-a1cb-fe13e90601a0.jpg","AssetFile":"uploads/c7171ca8-a3b3-4023-a1cb-fe13e90601a0.jpg","Selectors":[],"ResponseHeaders":[{"Name":"Accept-Ranges","Value":"bytes"},{"Name":"Cache-Control","Value":"no-cache"},{"Name":"Content-Length","Value":"391928"},{"Name":"Content-Type","Value":"image/jpeg"},{"Name":"ETag","Value":"\"SRMCfzI5xtxlH2eDKCtV3vm+X3hMkCxPx0FM0fwYj88=\""},{"Name":"Last-Modified","Value":"Tue, 30 Dec 2025 19:31:43 GMT"}],"EndpointProperties":[{"Name":"integrity","Value":"sha256-SRMCfzI5xtxlH2eDKCtV3vm+X3hMkCxPx0FM0fwYj88="}]},{"Route":"uploads/d9d361ab-5676-4f89-a1b4-eea5feccdf09.1amm9syd0i.jpg","AssetFile":"uploads/d9d361ab-5676-4f89-a1b4-eea5feccdf09.jpg","Selectors":[],"ResponseHeaders":[{"Name":"Accept-Ranges","Value":"bytes"},{"Name":"Cache-Control","Value":"max-age=31536000, immutable"},{"Name":"Content-Length","Value":"391928"},{"Name":"Content-Type","Value":"image/jpeg"},{"Name":"ETag","Value":"\"SRMCfzI5xtxlH2eDKCtV3vm+X3hMkCxPx0FM0fwYj88=\""},{"Name":"Last-Modified","Value":"Tue, 30 Dec 2025 19:31:53 GMT"}],"EndpointProperties":[{"Name":"fingerprint","Value":"1amm9syd0i"},{"Name":"integrity","Value":"sha256-SRMCfzI5xtxlH2eDKCtV3vm+X3hMkCxPx0FM0fwYj88="},{"Name":"label","Value":"uploads/d9d361ab-5676-4f89-a1b4-eea5feccdf09.jpg"}]},{"Route":"uploads/d9d361ab-5676-4f89-a1b4-eea5feccdf09.jpg","AssetFile":"uploads/d9d361ab-5676-4f89-a1b4-eea5feccdf09.jpg","Selectors":[],"ResponseHeaders":[{"Name":"Accept-Ranges","Value":"bytes"},{"Name":"Cache-Control","Value":"no-cache"},{"Name":"Content-Length","Value":"391928"},{"Name":"Content-Type","Value":"image/jpeg"},{"Name":"ETag","Value":"\"SRMCfzI5xtxlH2eDKCtV3vm+X3hMkCxPx0FM0fwYj88=\""},{"Name":"Last-Modified","Value":"Tue, 30 Dec 2025 19:31:53 GMT"}],"EndpointProperties":[{"Name":"integrity","Value":"sha256-SRMCfzI5xtxlH2eDKCtV3vm+X3hMkCxPx0FM0fwYj88="}]},{"Route":"uploads/dfd55694-62c8-4678-91f5-1c8aa7cc92bd.jpeg","AssetFile":"uploads/dfd55694-62c8-4678-91f5-1c8aa7cc92bd.jpeg","Selectors":[],"ResponseHeaders":[{"Name":"Accept-Ranges","Value":"bytes"},{"Name":"Cache-Control","Value":"no-cache"},{"Name":"Content-Length","Value":"115377"},{"Name":"Content-Type","Value":"image/jpeg"},{"Name":"ETag","Value":"\"+twTXyS5ZslROeedGQI8V53+B/bfSMzhLWcuTaQbPq4=\""},{"Name":"Last-Modified","Value":"Thu, 18 Dec 2025 23:26:03 GMT"}],"EndpointProperties":[{"Name":"integrity","Value":"sha256-+twTXyS5ZslROeedGQI8V53+B/bfSMzhLWcuTaQbPq4="}]},{"Route":"uploads/dfd55694-62c8-4678-91f5-1c8aa7cc92bd.m9ur79yv3w.jpeg","AssetFile":"uploads/dfd55694-62c8-4678-91f5-1c8aa7cc92bd.jpeg","Selectors":[],"ResponseHeaders":[{"Name":"Accept-Ranges","Value":"bytes"},{"Name":"Cache-Control","Value":"max-age=31536000, immutable"},{"Name":"Content-Length","Value":"115377"},{"Name":"Content-Type","Value":"image/jpeg"},{"Name":"ETag","Value":"\"+twTXyS5ZslROeedGQI8V53+B/bfSMzhLWcuTaQbPq4=\""},{"Name":"Last-Modified","Value":"Thu, 18 Dec 2025 23:26:03 GMT"}],"EndpointProperties":[{"Name":"fingerprint","Value":"m9ur79yv3w"},{"Name":"integrity","Value":"sha256-+twTXyS5ZslROeedGQI8V53+B/bfSMzhLWcuTaQbPq4="},{"Name":"label","Value":"uploads/dfd55694-62c8-4678-91f5-1c8aa7cc92bd.jpeg"}]},{"Route":"uploads/f1579aa6-ae81-49c4-af7d-675f23ce4648.5lw1e66h02.jpg","AssetFile":"uploads/f1579aa6-ae81-49c4-af7d-675f23ce4648.jpg","Selectors":[],"ResponseHeaders":[{"Name":"Accept-Ranges","Value":"bytes"},{"Name":"Cache-Control","Value":"max-age=31536000, immutable"},{"Name":"Content-Length","Value":"326358"},{"Name":"Content-Type","Value":"image/jpeg"},{"Name":"ETag","Value":"\"x15DUwpDCbzXV3a/8Dc2hy+kmySxKUCoBeOQlYGMSrQ=\""},{"Name":"Last-Modified","Value":"Mon, 22 Dec 2025 00:37:41 GMT"}],"EndpointProperties":[{"Name":"fingerprint","Value":"5lw1e66h02"},{"Name":"integrity","Value":"sha256-x15DUwpDCbzXV3a/8Dc2hy+kmySxKUCoBeOQlYGMSrQ="},{"Name":"label","Value":"uploads/f1579aa6-ae81-49c4-af7d-675f23ce4648.jpg"}]},{"Route":"uploads/f1579aa6-ae81-49c4-af7d-675f23ce4648.jpg","AssetFile":"uploads/f1579aa6-ae81-49c4-af7d-675f23ce4648.jpg","Selectors":[],"ResponseHeaders":[{"Name":"Accept-Ranges","Value":"bytes"},{"Name":"Cache-Control","Value":"no-cache"},{"Name":"Content-Length","Value":"326358"},{"Name":"Content-Type","Value":"image/jpeg"},{"Name":"ETag","Value":"\"x15DUwpDCbzXV3a/8Dc2hy+kmySxKUCoBeOQlYGMSrQ=\""},{"Name":"Last-Modified","Value":"Mon, 22 Dec 2025 00:37:41 GMT"}],"EndpointProperties":[{"Name":"integrity","Value":"sha256-x15DUwpDCbzXV3a/8Dc2hy+kmySxKUCoBeOQlYGMSrQ="}]},{"Route":"uploads/f1aefd16-de72-4868-9358-e63d2301b68c.1amm9syd0i.jpg","AssetFile":"uploads/f1aefd16-de72-4868-9358-e63d2301b68c.jpg","Selectors":[],"ResponseHeaders":[{"Name":"Accept-Ranges","Value":"bytes"},{"Name":"Cache-Control","Value":"max-age=31536000, immutable"},{"Name":"Content-Length","Value":"391928"},{"Name":"Content-Type","Value":"image/jpeg"},{"Name":"ETag","Value":"\"SRMCfzI5xtxlH2eDKCtV3vm+X3hMkCxPx0FM0fwYj88=\""},{"Name":"Last-Modified","Value":"Tue, 30 Dec 2025 19:32:16 GMT"}],"EndpointProperties":[{"Name":"fingerprint","Value":"1amm9syd0i"},{"Name":"integrity","Value":"sha256-SRMCfzI5xtxlH2eDKCtV3vm+X3hMkCxPx0FM0fwYj88="},{"Name":"label","Value":"uploads/f1aefd16-de72-4868-9358-e63d2301b68c.jpg"}]},{"Route":"uploads/f1aefd16-de72-4868-9358-e63d2301b68c.jpg","AssetFile":"uploads/f1aefd16-de72-4868-9358-e63d2301b68c.jpg","Selectors":[],"ResponseHeaders":[{"Name":"Accept-Ranges","Value":"bytes"},{"Name":"Cache-Control","Value":"no-cache"},{"Name":"Content-Length","Value":"391928"},{"Name":"Content-Type","Value":"image/jpeg"},{"Name":"ETag","Value":"\"SRMCfzI5xtxlH2eDKCtV3vm+X3hMkCxPx0FM0fwYj88=\""},{"Name":"Last-Modified","Value":"Tue, 30 Dec 2025 19:32:16 GMT"}],"EndpointProperties":[{"Name":"integrity","Value":"sha256-SRMCfzI5xtxlH2eDKCtV3vm+X3hMkCxPx0FM0fwYj88="}]},{"Route":"uploads/f9bf6f14-45d8-4ffd-8db9-b452e72d4515.jpg","AssetFile":"uploads/f9bf6f14-45d8-4ffd-8db9-b452e72d4515.jpg","Selectors":[],"ResponseHeaders":[{"Name":"Accept-Ranges","Value":"bytes"},{"Name":"Cache-Control","Value":"no-cache"},{"Name":"Content-Length","Value":"151786"},{"Name":"Content-Type","Value":"image/jpeg"},{"Name":"ETag","Value":"\"+VUDqdgVyZZSELcBJhIEvMD/uMTFQi43qFZ6wWb48vk=\""},{"Name":"Last-Modified","Value":"Sun, 18 Jan 2026 21:24:25 GMT"}],"EndpointProperties":[{"Name":"integrity","Value":"sha256-+VUDqdgVyZZSELcBJhIEvMD/uMTFQi43qFZ6wWb48vk="}]},{"Route":"uploads/f9bf6f14-45d8-4ffd-8db9-b452e72d4515.xab7x4leup.jpg","AssetFile":"uploads/f9bf6f14-45d8-4ffd-8db9-b452e72d4515.jpg","Selectors":[],"ResponseHeaders":[{"Name":"Accept-Ranges","Value":"bytes"},{"Name":"Cache-Control","Value":"max-age=31536000, immutable"},{"Name":"Content-Length","Value":"151786"},{"Name":"Content-Type","Value":"image/jpeg"},{"Name":"ETag","Value":"\"+VUDqdgVyZZSELcBJhIEvMD/uMTFQi43qFZ6wWb48vk=\""},{"Name":"Last-Modified","Value":"Sun, 18 Jan 2026 21:24:25 GMT"}],"EndpointProperties":[{"Name":"fingerprint","Value":"xab7x4leup"},{"Name":"integrity","Value":"sha256-+VUDqdgVyZZSELcBJhIEvMD/uMTFQi43qFZ6wWb48vk="},{"Name":"label","Value":"uploads/f9bf6f14-45d8-4ffd-8db9-b452e72d4515.jpg"}]},{"Route":"uploads/fe3f19f4-7226-4df2-bfb7-30ab099925e9.1vwatbzsqt.jpg","AssetFile":"uploads/fe3f19f4-7226-4df2-bfb7-30ab099925e9.jpg","Selectors":[],"ResponseHeaders":[{"Name":"Accept-Ranges","Value":"bytes"},{"Name":"Cache-Control","Value":"max-age=31536000, immutable"},{"Name":"Content-Length","Value":"97236"},{"Name":"Content-Type","Value":"image/jpeg"},{"Name":"ETag","Value":"\"I8LfaQ6o08erug1WNEDCtWlN/a1tRc3n4SvI6nAVX4Q=\""},{"Name":"Last-Modified","Value":"Tue, 30 Dec 2025 07:26:23 GMT"}],"EndpointProperties":[{"Name":"fingerprint","Value":"1vwatbzsqt"},{"Name":"integrity","Value":"sha256-I8LfaQ6o08erug1WNEDCtWlN/a1tRc3n4SvI6nAVX4Q="},{"Name":"label","Value":"uploads/fe3f19f4-7226-4df2-bfb7-30ab099925e9.jpg"}]},{"Route":"uploads/fe3f19f4-7226-4df2-bfb7-30ab099925e9.jpg","AssetFile":"uploads/fe3f19f4-7226-4df2-bfb7-30ab099925e9.jpg","Selectors":[],"ResponseHeaders":[{"Name":"Accept-Ranges","Value":"bytes"},{"Name":"Cache-Control","Value":"no-cache"},{"Name":"Content-Length","Value":"97236"},{"Name":"Content-Type","Value":"image/jpeg"},{"Name":"ETag","Value":"\"I8LfaQ6o08erug1WNEDCtWlN/a1tRc3n4SvI6nAVX4Q=\""},{"Name":"Last-Modified","Value":"Tue, 30 Dec 2025 07:26:23 GMT"}],"EndpointProperties":[{"Name":"integrity","Value":"sha256-I8LfaQ6o08erug1WNEDCtWlN/a1tRc3n4SvI6nAVX4Q="}]},{"Route":"uploads/fecaf364-117e-47ec-9d35-27bb03b39b42.1amm9syd0i.jpg","AssetFile":"uploads/fecaf364-117e-47ec-9d35-27bb03b39b42.jpg","Selectors":[],"ResponseHeaders":[{"Name":"Accept-Ranges","Value":"bytes"},{"Name":"Cache-Control","Value":"max-age=31536000, immutable"},{"Name":"Content-Length","Value":"391928"},{"Name":"Content-Type","Value":"image/jpeg"},{"Name":"ETag","Value":"\"SRMCfzI5xtxlH2eDKCtV3vm+X3hMkCxPx0FM0fwYj88=\""},{"Name":"Last-Modified","Value":"Tue, 30 Dec 2025 00:08:53 GMT"}],"EndpointProperties":[{"Name":"fingerprint","Value":"1amm9syd0i"},{"Name":"integrity","Value":"sha256-SRMCfzI5xtxlH2eDKCtV3vm+X3hMkCxPx0FM0fwYj88="},{"Name":"label","Value":"uploads/fecaf364-117e-47ec-9d35-27bb03b39b42.jpg"}]},{"Route":"uploads/fecaf364-117e-47ec-9d35-27bb03b39b42.jpg","AssetFile":"uploads/fecaf364-117e-47ec-9d35-27bb03b39b42.jpg","Selectors":[],"ResponseHeaders":[{"Name":"Accept-Ranges","Value":"bytes"},{"Name":"Cache-Control","Value":"no-cache"},{"Name":"Content-Length","Value":"391928"},{"Name":"Content-Type","Value":"image/jpeg"},{"Name":"ETag","Value":"\"SRMCfzI5xtxlH2eDKCtV3vm+X3hMkCxPx0FM0fwYj88=\""},{"Name":"Last-Modified","Value":"Tue, 30 Dec 2025 00:08:53 GMT"}],"EndpointProperties":[{"Name":"integrity","Value":"sha256-SRMCfzI5xtxlH2eDKCtV3vm+X3hMkCxPx0FM0fwYj88="}]}]}