﻿<?xml version="1.0" encoding="utf-8"?>
<deployment>
  <id>958c43937b404e38837b2ab6ca7878e4</id>
  <author>N/A</author>
  <deployer>OneDeploy</deployer>
  <authorEmail>N/A</authorEmail>
  <message>OneDeploy</message>
  <progress></progress>
  <status>Success</status>
  <statusText></statusText>
  <lastSuccessEndTime>2026-01-22T01:10:52.5658605Z</lastSuccessEndTime>
  <receivedTime>2026-01-22T01:10:48.5966685Z</receivedTime>
  <startTime>2026-01-22T01:10:48.7216718Z</startTime>
  <endTime>2026-01-22T01:10:52.5658605Z</endTime>
  <complete>True</complete>
  <is_temp>False</is_temp>
  <is_readonly>True</is_readonly>
  <project_type>OneDeploy</project_type>
  <vsproject_id></vsproject_id>
</deployment>