{
  "mainAssemblyName": "FOMSApp.Client",
  "resources": {
    "hash": "sha256-u5wCnJbYzDWa50/MSCuvNP/Q5duUZX3PqmWZYoJGB4E=",
    "fingerprinting": {
      "FOMSApp.Client.i9xy0wapxm.wasm": "FOMSApp.Client.wasm",
      "FOMSApp.Shared.9q62ic15je.wasm": "FOMSApp.Shared.wasm",
      "Microsoft.AspNetCore.Components.Forms.4pi680o7gk.wasm": "Microsoft.AspNetCore.Components.Forms.wasm",
      "Microsoft.AspNetCore.Components.mbn4zryi62.wasm": "Microsoft.AspNetCore.Components.wasm",
      "Microsoft.AspNetCore.Components.Web.0yfm7xvf71.wasm": "Microsoft.AspNetCore.Components.Web.wasm",
      "Microsoft.AspNetCore.Components.WebAssembly.e4chbz9u1c.wasm": "Microsoft.AspNetCore.Components.WebAssembly.wasm",
      "Microsoft.Extensions.Configuration.Abstractions.r5enc109h2.wasm": "Microsoft.Extensions.Configuration.Abstractions.wasm",
      "Microsoft.Extensions.Configuration.Json.6ap0l7oqnx.wasm": "Microsoft.Extensions.Configuration.Json.wasm",
      "Microsoft.Extensions.Configuration.15dz7nk1d8.wasm": "Microsoft.Extensions.Configuration.wasm",
      "Microsoft.Extensions.DependencyInjection.Abstractions.6do9833vz2.wasm": "Microsoft.Extensions.DependencyInjection.Abstractions.wasm",
      "Microsoft.Extensions.DependencyInjection.t7f5r90yql.wasm": "Microsoft.Extensions.DependencyInjection.wasm",
      "Microsoft.Extensions.Diagnostics.Abstractions.lxk837v1en.wasm": "Microsoft.Extensions.Diagnostics.Abstractions.wasm",
      "Microsoft.Extensions.Diagnostics.9wjofzsnko.wasm": "Microsoft.Extensions.Diagnostics.wasm",
      "Microsoft.Extensions.Http.cf8ngmk1hn.wasm": "Microsoft.Extensions.Http.wasm",
      "Microsoft.Extensions.Logging.Abstractions.hk1rcpd1en.wasm": "Microsoft.Extensions.Logging.Abstractions.wasm",
      "Microsoft.Extensions.Logging.m1i5tu56sa.wasm": "Microsoft.Extensions.Logging.wasm",
      "Microsoft.Extensions.Options.w3o6g48y6l.wasm": "Microsoft.Extensions.Options.wasm",
      "Microsoft.Extensions.Primitives.a5mjza44y9.wasm": "Microsoft.Extensions.Primitives.wasm",
      "Microsoft.JSInterop.05k8sefq14.wasm": "Microsoft.JSInterop.wasm",
      "Microsoft.JSInterop.WebAssembly.9tiedlnvko.wasm": "Microsoft.JSInterop.WebAssembly.wasm",
      "netstandard.axckq3m2ow.wasm": "netstandard.wasm",
      "NetTopologySuite.Features.xsnad3n9ki.wasm": "NetTopologySuite.Features.wasm",
      "NetTopologySuite.IO.GeoJSON4STJ.h6pxjg0y1e.wasm": "NetTopologySuite.IO.GeoJSON4STJ.wasm",
      "NetTopologySuite.oqt0ly6b56.wasm": "NetTopologySuite.wasm",
      "System.Collections.Concurrent.k802f2tkn3.wasm": "System.Collections.Concurrent.wasm",
      "System.Collections.Immutable.oqm915yzzl.wasm": "System.Collections.Immutable.wasm",
      "System.Collections.NonGeneric.k8tan3djn2.wasm": "System.Collections.NonGeneric.wasm",
      "System.Collections.Specialized.y5iixuiev8.wasm": "System.Collections.Specialized.wasm",
      "System.Collections.mr1fqsrzsf.wasm": "System.Collections.wasm",
      "System.ComponentModel.Annotations.2m13nsbp0m.wasm": "System.ComponentModel.Annotations.wasm",
      "System.ComponentModel.Primitives.88mk494kuy.wasm": "System.ComponentModel.Primitives.wasm",
      "System.ComponentModel.TypeConverter.232327zmpa.wasm": "System.ComponentModel.TypeConverter.wasm",
      "System.ComponentModel.rp2ud0tstw.wasm": "System.ComponentModel.wasm",
      "System.Console.vz7ygthj3p.wasm": "System.Console.wasm",
      "System.Diagnostics.DiagnosticSource.1dd7j9myok.wasm": "System.Diagnostics.DiagnosticSource.wasm",
      "System.Diagnostics.TextWriterTraceListener.7tb4tbnijt.wasm": "System.Diagnostics.TextWriterTraceListener.wasm",
      "System.Diagnostics.TraceSource.8vdl56g540.wasm": "System.Diagnostics.TraceSource.wasm",
      "System.IO.Pipelines.ncn30wamcg.wasm": "System.IO.Pipelines.wasm",
      "System.Linq.Expressions.iwkkyeor0v.wasm": "System.Linq.Expressions.wasm",
      "System.Linq.hggadtz6s0.wasm": "System.Linq.wasm",
      "System.Memory.gwifaizsgk.wasm": "System.Memory.wasm",
      "System.Net.Http.Json.0mr83wekdm.wasm": "System.Net.Http.Json.wasm",
      "System.Net.Http.8ira2ng6qj.wasm": "System.Net.Http.wasm",
      "System.Net.Primitives.e24bsgwgy3.wasm": "System.Net.Primitives.wasm",
      "System.ObjectModel.7m6n1tcre6.wasm": "System.ObjectModel.wasm",
      "System.Private.CoreLib.jswkivx8r5.wasm": "System.Private.CoreLib.wasm",
      "System.Private.Uri.6wdhbxdhtq.wasm": "System.Private.Uri.wasm",
      "System.Private.Xml.Linq.9ri732rf5n.wasm": "System.Private.Xml.Linq.wasm",
      "System.Private.Xml.havmg94vay.wasm": "System.Private.Xml.wasm",
      "System.Runtime.CompilerServices.Unsafe.66m683fub6.wasm": "System.Runtime.CompilerServices.Unsafe.wasm",
      "System.Runtime.InteropServices.JavaScript.it9v611w20.wasm": "System.Runtime.InteropServices.JavaScript.wasm",
      "System.Runtime.Serialization.Primitives.53mp5ktcqx.wasm": "System.Runtime.Serialization.Primitives.wasm",
      "System.Runtime.g6h9qy6uz2.wasm": "System.Runtime.wasm",
      "System.Text.Encodings.Web.hq94nfnuw2.wasm": "System.Text.Encodings.Web.wasm",
      "System.Text.Json.gdtjeo4b2i.wasm": "System.Text.Json.wasm",
      "System.Text.RegularExpressions.qu8ycm2lsd.wasm": "System.Text.RegularExpressions.wasm",
      "System.8rv0tdtrxz.wasm": "System.wasm",
      "dotnet.js": "dotnet.js",
      "dotnet.native.l4ptthxatg.js": "dotnet.native.js",
      "dotnet.native.d2w7colv7e.wasm": "dotnet.native.wasm",
      "dotnet.runtime.drv0pr9n5o.js": "dotnet.runtime.js",
      "icudt_CJK.tjcz0u77k5.dat": "icudt_CJK.dat",
      "icudt_EFIGS.tptq2av103.dat": "icudt_EFIGS.dat",
      "icudt_no_CJK.lfu7j35m59.dat": "icudt_no_CJK.dat"
    },
    "jsModuleNative": {
      "dotnet.native.l4ptthxatg.js": "sha256-ddUN4+taa/Qv7Mr8mLpunJO+0Xw3ViOqBvedhe57/hA="
    },
    "jsModuleRuntime": {
      "dotnet.runtime.drv0pr9n5o.js": "sha256-yfXUv1l/B489E8p12JxUvxly0JvHL9CCsoZUDlfGH9c="
    },
    "wasmNative": {
      "dotnet.native.d2w7colv7e.wasm": "sha256-62UC3VfSQyaGpPUm7iSjBYuQ1xD31WdRYY20NQ1K+Vs="
    },
    "icu": {
      "icudt_CJK.tjcz0u77k5.dat": "sha256-SZLtQnRc0JkwqHab0VUVP7T3uBPSeYzxzDnpxPpUnHk=",
      "icudt_EFIGS.tptq2av103.dat": "sha256-8fItetYY8kQ0ww6oxwTLiT3oXlBwHKumbeP2pRF4yTc=",
      "icudt_no_CJK.lfu7j35m59.dat": "sha256-L7sV7NEYP37/Qr2FPCePo5cJqRgTXRwGHuwF5Q+0Nfs="
    },
    "coreAssembly": {
      "System.Private.CoreLib.jswkivx8r5.wasm": "sha256-AyHIgP3+/gl5KelXtAAEeVoRVUrptlo7aKvhsLMnReM=",
      "System.Runtime.InteropServices.JavaScript.it9v611w20.wasm": "sha256-dr2zPg+11BQOd27TZPxcs18PqUREGUfAtTD9nRdz7sw="
    },
    "assembly": {
      "FOMSApp.Client.i9xy0wapxm.wasm": "sha256-5jzh44CffjJbZLmI/ywmgB9vxwBGCZ2luBgOFF40ffs=",
      "FOMSApp.Shared.9q62ic15je.wasm": "sha256-bx/Q/DVJiQyTGhZPxCgHbHutOn8NsVyaIjgE0fcrKWM=",
      "Microsoft.AspNetCore.Components.Forms.4pi680o7gk.wasm": "sha256-2BMRt/nioS7vdbDhsLWFPbqusRi0Q9olDRXNkOOEbwo=",
      "Microsoft.AspNetCore.Components.mbn4zryi62.wasm": "sha256-Ej5yYFebsXF83S2l3Addxr4UUMSsdyQQTYnsmLLXeDw=",
      "Microsoft.AspNetCore.Components.Web.0yfm7xvf71.wasm": "sha256-ODVGGnHB//Iz0zLUOiPh022F9vdiBEhqmdtpV2mioGk=",
      "Microsoft.AspNetCore.Components.WebAssembly.e4chbz9u1c.wasm": "sha256-YkHhxz4duSGci9JjaI+jS7uNAkKVMgoZ7oEKde1RT3A=",
      "Microsoft.Extensions.Configuration.Abstractions.r5enc109h2.wasm": "sha256-kejn/gOaZ5/Qab8lb/zhz/wyo8Zg9PG3qjuiQUhsEnw=",
      "Microsoft.Extensions.Configuration.Json.6ap0l7oqnx.wasm": "sha256-/jB8J7byRl8++Sms23uw7dTZtf4OYQ+9wprtBqLHzvg=",
      "Microsoft.Extensions.Configuration.15dz7nk1d8.wasm": "sha256-uy/W8EvohhKJdrz81rpLzF9zyd3NW2gjrwyE7qjjeJo=",
      "Microsoft.Extensions.DependencyInjection.Abstractions.6do9833vz2.wasm": "sha256-msf1WcT7ZkNZBgseT4fOfHU+iXo+t/ZEeOg/mPiEpkE=",
      "Microsoft.Extensions.DependencyInjection.t7f5r90yql.wasm": "sha256-t+RV090mInmcuQIlc498uXnF8wtK1MRNcmC72iNVUZI=",
      "Microsoft.Extensions.Diagnostics.Abstractions.lxk837v1en.wasm": "sha256-B1UXkgFSE2agrNMSEivyMuMolUfRQneQ2kdvIbH5l2s=",
      "Microsoft.Extensions.Diagnostics.9wjofzsnko.wasm": "sha256-udXn/0bcTx5GOwMKP55YP0igfwTAXrKVyOb0HNt8BnY=",
      "Microsoft.Extensions.Http.cf8ngmk1hn.wasm": "sha256-mM3i1p8zFvyXPs5tFBO1ron49TaBVPH2meZEo1azqyY=",
      "Microsoft.Extensions.Logging.Abstractions.hk1rcpd1en.wasm": "sha256-Tx9DBP+1nWzR8mclq1cne01OrQHRh5Lm4aDcKOEadOo=",
      "Microsoft.Extensions.Logging.m1i5tu56sa.wasm": "sha256-ZtCgxKJyiMLMthEmgY0PuodSZobikvBCL3uTBbdQKz0=",
      "Microsoft.Extensions.Options.w3o6g48y6l.wasm": "sha256-jF9gJggJE3R7Gdr7yyfYz+E/MHDifPBfqtqSOis3Xj4=",
      "Microsoft.Extensions.Primitives.a5mjza44y9.wasm": "sha256-Il7b7g4iQZWSTrBCdBft+EmS4u4r3VgzpqSIb4bfvTI=",
      "Microsoft.JSInterop.05k8sefq14.wasm": "sha256-9Bt+WlBzRUAleP+Mk327h2zNrm/ZU/2GQNWohHICbio=",
      "Microsoft.JSInterop.WebAssembly.9tiedlnvko.wasm": "sha256-vScvGCGFOzwoTsy7VKfMU9uuEskXbOdWabIc80iDa9g=",
      "netstandard.axckq3m2ow.wasm": "sha256-bqRoMoEdWURuCdwRZVHUHaob42M7+zZH0Ce3jpCVRSc=",
      "NetTopologySuite.Features.xsnad3n9ki.wasm": "sha256-/5/kKkiAotLIxdaC4O8OI9hc0DXB++YxAcqK/Zkmsm0=",
      "NetTopologySuite.IO.GeoJSON4STJ.h6pxjg0y1e.wasm": "sha256-ubAWVuebJ3tidafMaCjE0lsdi/jlTjlOMuDWixGqs7A=",
      "NetTopologySuite.oqt0ly6b56.wasm": "sha256-kLM4asUGKNoR8C9p74Ux2YCl9o5iUhn5kfFn9o/DD0c=",
      "System.Collections.Concurrent.k802f2tkn3.wasm": "sha256-TAuEh9oubQD3mFTnW57V21l+57184QaIhTwuCql79BQ=",
      "System.Collections.Immutable.oqm915yzzl.wasm": "sha256-oG/AJF8fVurK2TT6dvsWiwYhzUgmYdd2XzZ1FkahS8Q=",
      "System.Collections.NonGeneric.k8tan3djn2.wasm": "sha256-fFqJTKZFxP+SOkOjRlIqbWEBIpofWNqNhRZ/B65m6vs=",
      "System.Collections.Specialized.y5iixuiev8.wasm": "sha256-ijrQlGKK2PWq8j6Bbp/xeG+ok3xO1LJCA2FRSIQamTo=",
      "System.Collections.mr1fqsrzsf.wasm": "sha256-To/fArUHWDPovlKNGFQOV3Hw8aD4i4akqHLnUEmNqq8=",
      "System.ComponentModel.Annotations.2m13nsbp0m.wasm": "sha256-Fn6kL6wMbj7uErERnWhQoESMs16Fd6bG1Ii70eitVhs=",
      "System.ComponentModel.Primitives.88mk494kuy.wasm": "sha256-eMrLtQ0JfcOIr31788rkNDXEt594eNqtzoEg3vt9CIk=",
      "System.ComponentModel.TypeConverter.232327zmpa.wasm": "sha256-Tpv5oj+QLl5DGZJf9LGZ0QLmoKgOczHvDaqyaWPPXBU=",
      "System.ComponentModel.rp2ud0tstw.wasm": "sha256-P2bTPhn46nReTKHreFG6K47nCeDru/fCwA+UWdaZUK4=",
      "System.Console.vz7ygthj3p.wasm": "sha256-BS/jKD4/sMWkWzNK/aiayimyq34xRfd4Vm722bYeHOc=",
      "System.Diagnostics.DiagnosticSource.1dd7j9myok.wasm": "sha256-myncMfmT5yTk0Efr48l05/BC5tKTULwjHuNiLMmUV5c=",
      "System.Diagnostics.TextWriterTraceListener.7tb4tbnijt.wasm": "sha256-NbIev8DbJjP7vb7WaN/dkhkVQ0uMvXIXx4aDPawV80c=",
      "System.Diagnostics.TraceSource.8vdl56g540.wasm": "sha256-jInUnQkH+8zNVI56yhmhgQNiUDc4Um/xGjIROG7kcdE=",
      "System.IO.Pipelines.ncn30wamcg.wasm": "sha256-9zgTMImSkQhjVIHXHgoExS+8AMh7pMLhtvcFkVL4GGc=",
      "System.Linq.Expressions.iwkkyeor0v.wasm": "sha256-Lr+urdREgMvqarkQCzMxIyUG/c22Rq77XUWHUnS/I2Q=",
      "System.Linq.hggadtz6s0.wasm": "sha256-0eLJ7rI4JjdDFrwzXxFDolVQNGZLqkhnt6Or2AamE/A=",
      "System.Memory.gwifaizsgk.wasm": "sha256-kPD2rnuPWteAJT265jHtqh27MmhqlqAcF8zpW8+NwFQ=",
      "System.Net.Http.Json.0mr83wekdm.wasm": "sha256-yID8fuSCZBpbpITg+x4b+v+RcIxyw1eM+E59I3gmvpU=",
      "System.Net.Http.8ira2ng6qj.wasm": "sha256-wCdMLItMQVBKS0zK8D60bVH7XU2z32MYhG/UHHITBNE=",
      "System.Net.Primitives.e24bsgwgy3.wasm": "sha256-VsWTEOyEbltVNWebWtzswCEfVLEN7seHoNS6agRLaJw=",
      "System.ObjectModel.7m6n1tcre6.wasm": "sha256-wcmlpe+jkCyBS3vavLw0cdDgRBV+rg0VDjRGkcGTaZs=",
      "System.Private.Uri.6wdhbxdhtq.wasm": "sha256-ln+wABktjJ19hNLHpU5PSqpje2VEspYcoeT5XawpK58=",
      "System.Private.Xml.Linq.9ri732rf5n.wasm": "sha256-tfVkbnO3SfV3I77HhUz4hb08UzenGj/o5RQjhoAY/A0=",
      "System.Private.Xml.havmg94vay.wasm": "sha256-6RuyHWi1vRoudZe9Ie9lOfWdkFqLlNK+090WW1rDrGE=",
      "System.Runtime.CompilerServices.Unsafe.66m683fub6.wasm": "sha256-vhkClYxqkrF/GTeHJJ7a1UjuiKLKkine4vlf9nKV2Xw=",
      "System.Runtime.Serialization.Primitives.53mp5ktcqx.wasm": "sha256-EQFV/X5fi+UF4pyjHvt9aKck8oHREQLeEeex/z5vamM=",
      "System.Runtime.g6h9qy6uz2.wasm": "sha256-yD4EBqM5m/PHmSW6izM60BoYi13UOAjcHsFsn5xBIV8=",
      "System.Text.Encodings.Web.hq94nfnuw2.wasm": "sha256-SQ1+aS+lCxp43qhvbxWS01rhQfbvNeDSN0xyk2P9/Hc=",
      "System.Text.Json.gdtjeo4b2i.wasm": "sha256-jLbI6aaOVYnCV5OXc8GhqPvlrzcnNKCv8XGoMUVmN8E=",
      "System.Text.RegularExpressions.qu8ycm2lsd.wasm": "sha256-UmV/usEFXUsfpp+h4kosNa6gIJo0HkSzj2BqB068KDw=",
      "System.8rv0tdtrxz.wasm": "sha256-xMF0eauQ5DkSzUozHLFFMQnL6DSJO09nJLtgag+Dzbw="
    }
  },
  "cacheBootResources": true,
  "debugLevel": 0,
  "linkerEnabled": true,
  "appsettings": [
    "../appsettings.Development.json",
    "../appsettings.json",
    "../appsettings.Production.json"
  ],
  "globalizationMode": "sharded",
  "extensions": {
    "blazor": {}
  }
}