﻿<?xml version="1.0" encoding="utf-8"?>
<deployment>
  <id>19da959ec0694b849c6c3f52b0cad1e5</id>
  <author>N/A</author>
  <deployer>OneDeploy</deployer>
  <authorEmail>N/A</authorEmail>
  <message>OneDeploy</message>
  <progress></progress>
  <status>Success</status>
  <statusText></statusText>
  <lastSuccessEndTime>2026-01-22T01:00:14.0662828Z</lastSuccessEndTime>
  <receivedTime>2026-01-22T01:00:12.5817602Z</receivedTime>
  <startTime>2026-01-22T01:00:12.7067602Z</startTime>
  <endTime>2026-01-22T01:00:14.0662828Z</endTime>
  <complete>True</complete>
  <is_temp>False</is_temp>
  <is_readonly>True</is_readonly>
  <project_type>OneDeploy</project_type>
  <vsproject_id></vsproject_id>
</deployment>