{
  "mainAssemblyName": "FOMSApp.Client",
  "resources": {
    "hash": "sha256-yCtf5kK6tkA0+A1TqP1m5QOfQqwfo8RvdwCsB4mIWKY=",
    "fingerprinting": {
      "FOMSApp.Client.451xrq8zfp.wasm": "FOMSApp.Client.wasm",
      "FOMSApp.Shared.phkr7pjnm7.wasm": "FOMSApp.Shared.wasm",
      "Microsoft.AspNetCore.Authorization.3x5ysem791.wasm": "Microsoft.AspNetCore.Authorization.wasm",
      "Microsoft.AspNetCore.Components.Authorization.gtg2riohx5.wasm": "Microsoft.AspNetCore.Components.Authorization.wasm",
      "Microsoft.AspNetCore.Components.Forms.4pi680o7gk.wasm": "Microsoft.AspNetCore.Components.Forms.wasm",
      "Microsoft.AspNetCore.Components.88zm96o5pw.wasm": "Microsoft.AspNetCore.Components.wasm",
      "Microsoft.AspNetCore.Components.Web.0yfm7xvf71.wasm": "Microsoft.AspNetCore.Components.Web.wasm",
      "Microsoft.AspNetCore.Components.WebAssembly.Authentication.m7twlai7fc.wasm": "Microsoft.AspNetCore.Components.WebAssembly.Authentication.wasm",
      "Microsoft.AspNetCore.Components.WebAssembly.t2ptmuqxae.wasm": "Microsoft.AspNetCore.Components.WebAssembly.wasm",
      "Microsoft.AspNetCore.Metadata.mut6wh6zb4.wasm": "Microsoft.AspNetCore.Metadata.wasm",
      "Microsoft.Authentication.WebAssembly.Msal.345zx7w33n.wasm": "Microsoft.Authentication.WebAssembly.Msal.wasm",
      "Microsoft.Extensions.Configuration.Abstractions.pzqqnpoliq.wasm": "Microsoft.Extensions.Configuration.Abstractions.wasm",
      "Microsoft.Extensions.Configuration.Binder.k25gmm9h7s.wasm": "Microsoft.Extensions.Configuration.Binder.wasm",
      "Microsoft.Extensions.Configuration.Json.6ap0l7oqnx.wasm": "Microsoft.Extensions.Configuration.Json.wasm",
      "Microsoft.Extensions.Configuration.ny2ucm7t9p.wasm": "Microsoft.Extensions.Configuration.wasm",
      "Microsoft.Extensions.DependencyInjection.Abstractions.j9el4pykg7.wasm": "Microsoft.Extensions.DependencyInjection.Abstractions.wasm",
      "Microsoft.Extensions.DependencyInjection.t7f5r90yql.wasm": "Microsoft.Extensions.DependencyInjection.wasm",
      "Microsoft.Extensions.Diagnostics.Abstractions.lxk837v1en.wasm": "Microsoft.Extensions.Diagnostics.Abstractions.wasm",
      "Microsoft.Extensions.Diagnostics.9wjofzsnko.wasm": "Microsoft.Extensions.Diagnostics.wasm",
      "Microsoft.Extensions.Http.cf8ngmk1hn.wasm": "Microsoft.Extensions.Http.wasm",
      "Microsoft.Extensions.Logging.Abstractions.l06hr3f1za.wasm": "Microsoft.Extensions.Logging.Abstractions.wasm",
      "Microsoft.Extensions.Logging.m1i5tu56sa.wasm": "Microsoft.Extensions.Logging.wasm",
      "Microsoft.Extensions.Options.eot1j4rgw8.wasm": "Microsoft.Extensions.Options.wasm",
      "Microsoft.Extensions.Primitives.a5mjza44y9.wasm": "Microsoft.Extensions.Primitives.wasm",
      "Microsoft.JSInterop.05k8sefq14.wasm": "Microsoft.JSInterop.wasm",
      "Microsoft.JSInterop.WebAssembly.9tiedlnvko.wasm": "Microsoft.JSInterop.WebAssembly.wasm",
      "netstandard.axckq3m2ow.wasm": "netstandard.wasm",
      "NetTopologySuite.Features.xsnad3n9ki.wasm": "NetTopologySuite.Features.wasm",
      "NetTopologySuite.IO.GeoJSON4STJ.h6pxjg0y1e.wasm": "NetTopologySuite.IO.GeoJSON4STJ.wasm",
      "NetTopologySuite.oqt0ly6b56.wasm": "NetTopologySuite.wasm",
      "System.Collections.Concurrent.x57wwsjmkm.wasm": "System.Collections.Concurrent.wasm",
      "System.Collections.Immutable.17xab8f7le.wasm": "System.Collections.Immutable.wasm",
      "System.Collections.NonGeneric.k8tan3djn2.wasm": "System.Collections.NonGeneric.wasm",
      "System.Collections.Specialized.c85j9hqd07.wasm": "System.Collections.Specialized.wasm",
      "System.Collections.8xbcm856ve.wasm": "System.Collections.wasm",
      "System.ComponentModel.Annotations.2m13nsbp0m.wasm": "System.ComponentModel.Annotations.wasm",
      "System.ComponentModel.Primitives.88mk494kuy.wasm": "System.ComponentModel.Primitives.wasm",
      "System.ComponentModel.TypeConverter.9lz3ux3101.wasm": "System.ComponentModel.TypeConverter.wasm",
      "System.ComponentModel.rp2ud0tstw.wasm": "System.ComponentModel.wasm",
      "System.Console.vz7ygthj3p.wasm": "System.Console.wasm",
      "System.Diagnostics.DiagnosticSource.1dd7j9myok.wasm": "System.Diagnostics.DiagnosticSource.wasm",
      "System.Diagnostics.TextWriterTraceListener.7tb4tbnijt.wasm": "System.Diagnostics.TextWriterTraceListener.wasm",
      "System.Diagnostics.TraceSource.8vdl56g540.wasm": "System.Diagnostics.TraceSource.wasm",
      "System.IO.Pipelines.ncn30wamcg.wasm": "System.IO.Pipelines.wasm",
      "System.Linq.Expressions.iwkkyeor0v.wasm": "System.Linq.Expressions.wasm",
      "System.Linq.3vg4z8s7c0.wasm": "System.Linq.wasm",
      "System.Memory.gwifaizsgk.wasm": "System.Memory.wasm",
      "System.Net.Http.Json.0mr83wekdm.wasm": "System.Net.Http.Json.wasm",
      "System.Net.Http.1ryd4jhtu8.wasm": "System.Net.Http.wasm",
      "System.Net.Primitives.e24bsgwgy3.wasm": "System.Net.Primitives.wasm",
      "System.ObjectModel.7m6n1tcre6.wasm": "System.ObjectModel.wasm",
      "System.Private.CoreLib.0pbf4jgj23.wasm": "System.Private.CoreLib.wasm",
      "System.Private.Uri.1xsf43e86v.wasm": "System.Private.Uri.wasm",
      "System.Private.Xml.Linq.9ri732rf5n.wasm": "System.Private.Xml.Linq.wasm",
      "System.Private.Xml.havmg94vay.wasm": "System.Private.Xml.wasm",
      "System.Runtime.CompilerServices.Unsafe.66m683fub6.wasm": "System.Runtime.CompilerServices.Unsafe.wasm",
      "System.Runtime.InteropServices.JavaScript.it9v611w20.wasm": "System.Runtime.InteropServices.JavaScript.wasm",
      "System.Runtime.Serialization.Primitives.53mp5ktcqx.wasm": "System.Runtime.Serialization.Primitives.wasm",
      "System.Runtime.752mmbpa9o.wasm": "System.Runtime.wasm",
      "System.Security.Claims.22srrf4946.wasm": "System.Security.Claims.wasm",
      "System.Text.Encodings.Web.hq94nfnuw2.wasm": "System.Text.Encodings.Web.wasm",
      "System.Text.Json.cxrlgk6a70.wasm": "System.Text.Json.wasm",
      "System.Text.RegularExpressions.wlibsns5rp.wasm": "System.Text.RegularExpressions.wasm",
      "System.8rv0tdtrxz.wasm": "System.wasm",
      "dotnet.js": "dotnet.js",
      "dotnet.native.l4ptthxatg.js": "dotnet.native.js",
      "dotnet.native.d2w7colv7e.wasm": "dotnet.native.wasm",
      "dotnet.runtime.drv0pr9n5o.js": "dotnet.runtime.js",
      "icudt_CJK.tjcz0u77k5.dat": "icudt_CJK.dat",
      "icudt_EFIGS.tptq2av103.dat": "icudt_EFIGS.dat",
      "icudt_no_CJK.lfu7j35m59.dat": "icudt_no_CJK.dat"
    },
    "jsModuleNative": {
      "dotnet.native.l4ptthxatg.js": "sha256-ddUN4+taa/Qv7Mr8mLpunJO+0Xw3ViOqBvedhe57/hA="
    },
    "jsModuleRuntime": {
      "dotnet.runtime.drv0pr9n5o.js": "sha256-yfXUv1l/B489E8p12JxUvxly0JvHL9CCsoZUDlfGH9c="
    },
    "wasmNative": {
      "dotnet.native.d2w7colv7e.wasm": "sha256-62UC3VfSQyaGpPUm7iSjBYuQ1xD31WdRYY20NQ1K+Vs="
    },
    "icu": {
      "icudt_CJK.tjcz0u77k5.dat": "sha256-SZLtQnRc0JkwqHab0VUVP7T3uBPSeYzxzDnpxPpUnHk=",
      "icudt_EFIGS.tptq2av103.dat": "sha256-8fItetYY8kQ0ww6oxwTLiT3oXlBwHKumbeP2pRF4yTc=",
      "icudt_no_CJK.lfu7j35m59.dat": "sha256-L7sV7NEYP37/Qr2FPCePo5cJqRgTXRwGHuwF5Q+0Nfs="
    },
    "coreAssembly": {
      "System.Private.CoreLib.0pbf4jgj23.wasm": "sha256-DKfWMSSbHcfWiIymQmOQTll48yAayM9Nk5MLI1QZy0k=",
      "System.Runtime.InteropServices.JavaScript.it9v611w20.wasm": "sha256-dr2zPg+11BQOd27TZPxcs18PqUREGUfAtTD9nRdz7sw="
    },
    "assembly": {
      "FOMSApp.Client.451xrq8zfp.wasm": "sha256-+JgBP8V7Zd+YGacbV8J2q4zsdiRXvG1P+iRrkoB9iBg=",
      "FOMSApp.Shared.phkr7pjnm7.wasm": "sha256-fftYS9CA7BBHHBoyUpHcBY6/VIGdv4hYdeCunOInmLU=",
      "Microsoft.AspNetCore.Authorization.3x5ysem791.wasm": "sha256-dwanDBvu/AVf8h+V+ivC5tr/qcoGX0KYlX/pAX6hnMM=",
      "Microsoft.AspNetCore.Components.Authorization.gtg2riohx5.wasm": "sha256-XPuZIdRQFsu+fnbuBLWsvajexpgKtYmByJAakp7P0bs=",
      "Microsoft.AspNetCore.Components.Forms.4pi680o7gk.wasm": "sha256-2BMRt/nioS7vdbDhsLWFPbqusRi0Q9olDRXNkOOEbwo=",
      "Microsoft.AspNetCore.Components.88zm96o5pw.wasm": "sha256-KGPPRDvRu3bX0fkr9tkKKUhHfeHRweL9GAywpBthMnQ=",
      "Microsoft.AspNetCore.Components.Web.0yfm7xvf71.wasm": "sha256-ODVGGnHB//Iz0zLUOiPh022F9vdiBEhqmdtpV2mioGk=",
      "Microsoft.AspNetCore.Components.WebAssembly.Authentication.m7twlai7fc.wasm": "sha256-4tht15BtNF4wbKHhBZiAL2GccKtQQQODi2v2DM1wFWI=",
      "Microsoft.AspNetCore.Components.WebAssembly.t2ptmuqxae.wasm": "sha256-y+0XYBn7Ow21pCWVX+zpsyxiIBYHta+A8M/yuc8IO3I=",
      "Microsoft.AspNetCore.Metadata.mut6wh6zb4.wasm": "sha256-Yv/5J4P/Gb/yJyM043Wdak9Ymij42+4Qhe2JI1IqU1Q=",
      "Microsoft.Authentication.WebAssembly.Msal.345zx7w33n.wasm": "sha256-owHdzpIyKIgVG+0kH8XTKMitSmt0e9T7HSpwviU15rQ=",
      "Microsoft.Extensions.Configuration.Abstractions.pzqqnpoliq.wasm": "sha256-JUbpmN56qfcM1eQPldm2DBE8DMzi4Aq7MAiv1/Z/7Q8=",
      "Microsoft.Extensions.Configuration.Binder.k25gmm9h7s.wasm": "sha256-rDuKu4JlaqQBg/JB8UFxeRGUFUlbjmdfEnwq6evK/Ts=",
      "Microsoft.Extensions.Configuration.Json.6ap0l7oqnx.wasm": "sha256-/jB8J7byRl8++Sms23uw7dTZtf4OYQ+9wprtBqLHzvg=",
      "Microsoft.Extensions.Configuration.ny2ucm7t9p.wasm": "sha256-f762ppC+IVk2CY6dCQujgjDfnpFXiEsDkjgGrQSyWaE=",
      "Microsoft.Extensions.DependencyInjection.Abstractions.j9el4pykg7.wasm": "sha256-iRznvOyUeTH1XAlHVz7K0bdMu8Z5XSTR1wg8DS8WwXg=",
      "Microsoft.Extensions.DependencyInjection.t7f5r90yql.wasm": "sha256-t+RV090mInmcuQIlc498uXnF8wtK1MRNcmC72iNVUZI=",
      "Microsoft.Extensions.Diagnostics.Abstractions.lxk837v1en.wasm": "sha256-B1UXkgFSE2agrNMSEivyMuMolUfRQneQ2kdvIbH5l2s=",
      "Microsoft.Extensions.Diagnostics.9wjofzsnko.wasm": "sha256-udXn/0bcTx5GOwMKP55YP0igfwTAXrKVyOb0HNt8BnY=",
      "Microsoft.Extensions.Http.cf8ngmk1hn.wasm": "sha256-mM3i1p8zFvyXPs5tFBO1ron49TaBVPH2meZEo1azqyY=",
      "Microsoft.Extensions.Logging.Abstractions.l06hr3f1za.wasm": "sha256-tU+bJhlIHAJ9bQ4viFgNcgTTKcCs4dr/5qFZkyyc+qU=",
      "Microsoft.Extensions.Logging.m1i5tu56sa.wasm": "sha256-ZtCgxKJyiMLMthEmgY0PuodSZobikvBCL3uTBbdQKz0=",
      "Microsoft.Extensions.Options.eot1j4rgw8.wasm": "sha256-fn89j7zAldxKj+6iT6hXNs6FD7HMWbNvfkMngwbqIBk=",
      "Microsoft.Extensions.Primitives.a5mjza44y9.wasm": "sha256-Il7b7g4iQZWSTrBCdBft+EmS4u4r3VgzpqSIb4bfvTI=",
      "Microsoft.JSInterop.05k8sefq14.wasm": "sha256-9Bt+WlBzRUAleP+Mk327h2zNrm/ZU/2GQNWohHICbio=",
      "Microsoft.JSInterop.WebAssembly.9tiedlnvko.wasm": "sha256-vScvGCGFOzwoTsy7VKfMU9uuEskXbOdWabIc80iDa9g=",
      "netstandard.axckq3m2ow.wasm": "sha256-bqRoMoEdWURuCdwRZVHUHaob42M7+zZH0Ce3jpCVRSc=",
      "NetTopologySuite.Features.xsnad3n9ki.wasm": "sha256-/5/kKkiAotLIxdaC4O8OI9hc0DXB++YxAcqK/Zkmsm0=",
      "NetTopologySuite.IO.GeoJSON4STJ.h6pxjg0y1e.wasm": "sha256-ubAWVuebJ3tidafMaCjE0lsdi/jlTjlOMuDWixGqs7A=",
      "NetTopologySuite.oqt0ly6b56.wasm": "sha256-kLM4asUGKNoR8C9p74Ux2YCl9o5iUhn5kfFn9o/DD0c=",
      "System.Collections.Concurrent.x57wwsjmkm.wasm": "sha256-Rawo/sCQIcFYqM3aGy1SHexuaaHUJINIyaB7aTTTu8I=",
      "System.Collections.Immutable.17xab8f7le.wasm": "sha256-jYHZuP55fM95d8CBDTn//4DkJnEslWAE1DMj9EqA6a4=",
      "System.Collections.NonGeneric.k8tan3djn2.wasm": "sha256-fFqJTKZFxP+SOkOjRlIqbWEBIpofWNqNhRZ/B65m6vs=",
      "System.Collections.Specialized.c85j9hqd07.wasm": "sha256-xPHJYh3O56uMFjbJS78iEd/HFf7gCsNpzQhsTBQrRmQ=",
      "System.Collections.8xbcm856ve.wasm": "sha256-XI25JJNCt1wIzr+ZirxFw+p7y8gtKmAFHgGyMu/92NM=",
      "System.ComponentModel.Annotations.2m13nsbp0m.wasm": "sha256-Fn6kL6wMbj7uErERnWhQoESMs16Fd6bG1Ii70eitVhs=",
      "System.ComponentModel.Primitives.88mk494kuy.wasm": "sha256-eMrLtQ0JfcOIr31788rkNDXEt594eNqtzoEg3vt9CIk=",
      "System.ComponentModel.TypeConverter.9lz3ux3101.wasm": "sha256-7UhyADSF/n9JzwxFlOVKPZ0Vm0aFKbbx58qoKxuZzGY=",
      "System.ComponentModel.rp2ud0tstw.wasm": "sha256-P2bTPhn46nReTKHreFG6K47nCeDru/fCwA+UWdaZUK4=",
      "System.Console.vz7ygthj3p.wasm": "sha256-BS/jKD4/sMWkWzNK/aiayimyq34xRfd4Vm722bYeHOc=",
      "System.Diagnostics.DiagnosticSource.1dd7j9myok.wasm": "sha256-myncMfmT5yTk0Efr48l05/BC5tKTULwjHuNiLMmUV5c=",
      "System.Diagnostics.TextWriterTraceListener.7tb4tbnijt.wasm": "sha256-NbIev8DbJjP7vb7WaN/dkhkVQ0uMvXIXx4aDPawV80c=",
      "System.Diagnostics.TraceSource.8vdl56g540.wasm": "sha256-jInUnQkH+8zNVI56yhmhgQNiUDc4Um/xGjIROG7kcdE=",
      "System.IO.Pipelines.ncn30wamcg.wasm": "sha256-9zgTMImSkQhjVIHXHgoExS+8AMh7pMLhtvcFkVL4GGc=",
      "System.Linq.Expressions.iwkkyeor0v.wasm": "sha256-Lr+urdREgMvqarkQCzMxIyUG/c22Rq77XUWHUnS/I2Q=",
      "System.Linq.3vg4z8s7c0.wasm": "sha256-X9EOBw3D3BFkNdr/Uawn5XExygNn04jaWRsMv+ZagxY=",
      "System.Memory.gwifaizsgk.wasm": "sha256-kPD2rnuPWteAJT265jHtqh27MmhqlqAcF8zpW8+NwFQ=",
      "System.Net.Http.Json.0mr83wekdm.wasm": "sha256-yID8fuSCZBpbpITg+x4b+v+RcIxyw1eM+E59I3gmvpU=",
      "System.Net.Http.1ryd4jhtu8.wasm": "sha256-LfG13iJAZq5sqwyRRMr7J7uMdHMGEqip50tt21lc8sU=",
      "System.Net.Primitives.e24bsgwgy3.wasm": "sha256-VsWTEOyEbltVNWebWtzswCEfVLEN7seHoNS6agRLaJw=",
      "System.ObjectModel.7m6n1tcre6.wasm": "sha256-wcmlpe+jkCyBS3vavLw0cdDgRBV+rg0VDjRGkcGTaZs=",
      "System.Private.Uri.1xsf43e86v.wasm": "sha256-JZD4uT4XqawpIFwZJEPx3MaITXBP2ds4lon9XIVLjT4=",
      "System.Private.Xml.Linq.9ri732rf5n.wasm": "sha256-tfVkbnO3SfV3I77HhUz4hb08UzenGj/o5RQjhoAY/A0=",
      "System.Private.Xml.havmg94vay.wasm": "sha256-6RuyHWi1vRoudZe9Ie9lOfWdkFqLlNK+090WW1rDrGE=",
      "System.Runtime.CompilerServices.Unsafe.66m683fub6.wasm": "sha256-vhkClYxqkrF/GTeHJJ7a1UjuiKLKkine4vlf9nKV2Xw=",
      "System.Runtime.Serialization.Primitives.53mp5ktcqx.wasm": "sha256-EQFV/X5fi+UF4pyjHvt9aKck8oHREQLeEeex/z5vamM=",
      "System.Runtime.752mmbpa9o.wasm": "sha256-W6ZIwzhc680dMSrTUhrk+mSG54s5pN9egg6eyxVxodY=",
      "System.Security.Claims.22srrf4946.wasm": "sha256-NiIw3sIw4gGo58fPyjs957R9qaDwHpwppT8obZ0c4k8=",
      "System.Text.Encodings.Web.hq94nfnuw2.wasm": "sha256-SQ1+aS+lCxp43qhvbxWS01rhQfbvNeDSN0xyk2P9/Hc=",
      "System.Text.Json.cxrlgk6a70.wasm": "sha256-oEA+xF9jfH55+YsdBFCTOciC/WI0ruxW1A1OfPG07lI=",
      "System.Text.RegularExpressions.wlibsns5rp.wasm": "sha256-DHX5s8Iow0Wi167mxL80GhC9ENhMYxdBvTCQFilQARY=",
      "System.8rv0tdtrxz.wasm": "sha256-xMF0eauQ5DkSzUozHLFFMQnL6DSJO09nJLtgag+Dzbw="
    }
  },
  "cacheBootResources": true,
  "debugLevel": 0,
  "linkerEnabled": true,
  "appsettings": [
    "../appsettings.Development.json",
    "../appsettings.json",
    "../appsettings.Production.json"
  ],
  "globalizationMode": "sharded",
  "extensions": {
    "blazor": {}
  }
}