{
  "mainAssemblyName": "FOMSApp.Client",
  "resources": {
    "hash": "sha256-NDRnFKobEIVGjZNYF66O/GwThiqQhc+0HqLF469lttU=",
    "fingerprinting": {
      "FOMSApp.Client.9azqkjbpw3.wasm": "FOMSApp.Client.wasm",
      "FOMSApp.Shared.ovhz4b3nh8.wasm": "FOMSApp.Shared.wasm",
      "Microsoft.AspNetCore.Components.Forms.4pi680o7gk.wasm": "Microsoft.AspNetCore.Components.Forms.wasm",
      "Microsoft.AspNetCore.Components.mbn4zryi62.wasm": "Microsoft.AspNetCore.Components.wasm",
      "Microsoft.AspNetCore.Components.Web.0yfm7xvf71.wasm": "Microsoft.AspNetCore.Components.Web.wasm",
      "Microsoft.AspNetCore.Components.WebAssembly.2g3quoy8pv.wasm": "Microsoft.AspNetCore.Components.WebAssembly.wasm",
      "Microsoft.Extensions.Configuration.Abstractions.r5enc109h2.wasm": "Microsoft.Extensions.Configuration.Abstractions.wasm",
      "Microsoft.Extensions.Configuration.Json.6ap0l7oqnx.wasm": "Microsoft.Extensions.Configuration.Json.wasm",
      "Microsoft.Extensions.Configuration.15dz7nk1d8.wasm": "Microsoft.Extensions.Configuration.wasm",
      "Microsoft.Extensions.DependencyInjection.Abstractions.pxie0x8v5d.wasm": "Microsoft.Extensions.DependencyInjection.Abstractions.wasm",
      "Microsoft.Extensions.DependencyInjection.t7f5r90yql.wasm": "Microsoft.Extensions.DependencyInjection.wasm",
      "Microsoft.Extensions.Logging.Abstractions.ungunfmsyt.wasm": "Microsoft.Extensions.Logging.Abstractions.wasm",
      "Microsoft.Extensions.Logging.bvp0h3knwz.wasm": "Microsoft.Extensions.Logging.wasm",
      "Microsoft.Extensions.Options.yy6l8zfhnn.wasm": "Microsoft.Extensions.Options.wasm",
      "Microsoft.Extensions.Primitives.a5mjza44y9.wasm": "Microsoft.Extensions.Primitives.wasm",
      "Microsoft.JSInterop.05k8sefq14.wasm": "Microsoft.JSInterop.wasm",
      "Microsoft.JSInterop.WebAssembly.9tiedlnvko.wasm": "Microsoft.JSInterop.WebAssembly.wasm",
      "netstandard.axckq3m2ow.wasm": "netstandard.wasm",
      "NetTopologySuite.Features.xsnad3n9ki.wasm": "NetTopologySuite.Features.wasm",
      "NetTopologySuite.IO.GeoJSON4STJ.h6pxjg0y1e.wasm": "NetTopologySuite.IO.GeoJSON4STJ.wasm",
      "NetTopologySuite.oqt0ly6b56.wasm": "NetTopologySuite.wasm",
      "System.Collections.Concurrent.k802f2tkn3.wasm": "System.Collections.Concurrent.wasm",
      "System.Collections.Immutable.oqm915yzzl.wasm": "System.Collections.Immutable.wasm",
      "System.Collections.NonGeneric.k8tan3djn2.wasm": "System.Collections.NonGeneric.wasm",
      "System.Collections.Specialized.y5iixuiev8.wasm": "System.Collections.Specialized.wasm",
      "System.Collections.mr1fqsrzsf.wasm": "System.Collections.wasm",
      "System.ComponentModel.Annotations.2m13nsbp0m.wasm": "System.ComponentModel.Annotations.wasm",
      "System.ComponentModel.Primitives.88mk494kuy.wasm": "System.ComponentModel.Primitives.wasm",
      "System.ComponentModel.TypeConverter.232327zmpa.wasm": "System.ComponentModel.TypeConverter.wasm",
      "System.ComponentModel.rp2ud0tstw.wasm": "System.ComponentModel.wasm",
      "System.Console.vz7ygthj3p.wasm": "System.Console.wasm",
      "System.Diagnostics.DiagnosticSource.s9fio7rzi5.wasm": "System.Diagnostics.DiagnosticSource.wasm",
      "System.Diagnostics.TextWriterTraceListener.7tb4tbnijt.wasm": "System.Diagnostics.TextWriterTraceListener.wasm",
      "System.Diagnostics.TraceSource.8vdl56g540.wasm": "System.Diagnostics.TraceSource.wasm",
      "System.IO.Pipelines.ncn30wamcg.wasm": "System.IO.Pipelines.wasm",
      "System.Linq.Expressions.iwkkyeor0v.wasm": "System.Linq.Expressions.wasm",
      "System.Linq.04p1b79xpu.wasm": "System.Linq.wasm",
      "System.Memory.gwifaizsgk.wasm": "System.Memory.wasm",
      "System.Net.Http.Json.0mr83wekdm.wasm": "System.Net.Http.Json.wasm",
      "System.Net.Http.iwaqgwazta.wasm": "System.Net.Http.wasm",
      "System.Net.Primitives.e24bsgwgy3.wasm": "System.Net.Primitives.wasm",
      "System.ObjectModel.7m6n1tcre6.wasm": "System.ObjectModel.wasm",
      "System.Private.CoreLib.slrgxtoepp.wasm": "System.Private.CoreLib.wasm",
      "System.Private.Uri.s4cwd29r14.wasm": "System.Private.Uri.wasm",
      "System.Private.Xml.Linq.9ri732rf5n.wasm": "System.Private.Xml.Linq.wasm",
      "System.Private.Xml.havmg94vay.wasm": "System.Private.Xml.wasm",
      "System.Runtime.CompilerServices.Unsafe.66m683fub6.wasm": "System.Runtime.CompilerServices.Unsafe.wasm",
      "System.Runtime.InteropServices.JavaScript.it9v611w20.wasm": "System.Runtime.InteropServices.JavaScript.wasm",
      "System.Runtime.Serialization.Primitives.53mp5ktcqx.wasm": "System.Runtime.Serialization.Primitives.wasm",
      "System.Runtime.qb0mic2z7g.wasm": "System.Runtime.wasm",
      "System.Text.Encodings.Web.hq94nfnuw2.wasm": "System.Text.Encodings.Web.wasm",
      "System.Text.Json.gdtjeo4b2i.wasm": "System.Text.Json.wasm",
      "System.Text.RegularExpressions.qu8ycm2lsd.wasm": "System.Text.RegularExpressions.wasm",
      "System.8rv0tdtrxz.wasm": "System.wasm",
      "dotnet.js": "dotnet.js",
      "dotnet.native.l4ptthxatg.js": "dotnet.native.js",
      "dotnet.native.d2w7colv7e.wasm": "dotnet.native.wasm",
      "dotnet.runtime.drv0pr9n5o.js": "dotnet.runtime.js",
      "icudt_CJK.tjcz0u77k5.dat": "icudt_CJK.dat",
      "icudt_EFIGS.tptq2av103.dat": "icudt_EFIGS.dat",
      "icudt_no_CJK.lfu7j35m59.dat": "icudt_no_CJK.dat"
    },
    "jsModuleNative": {
      "dotnet.native.l4ptthxatg.js": "sha256-ddUN4+taa/Qv7Mr8mLpunJO+0Xw3ViOqBvedhe57/hA="
    },
    "jsModuleRuntime": {
      "dotnet.runtime.drv0pr9n5o.js": "sha256-yfXUv1l/B489E8p12JxUvxly0JvHL9CCsoZUDlfGH9c="
    },
    "wasmNative": {
      "dotnet.native.d2w7colv7e.wasm": "sha256-62UC3VfSQyaGpPUm7iSjBYuQ1xD31WdRYY20NQ1K+Vs="
    },
    "icu": {
      "icudt_CJK.tjcz0u77k5.dat": "sha256-SZLtQnRc0JkwqHab0VUVP7T3uBPSeYzxzDnpxPpUnHk=",
      "icudt_EFIGS.tptq2av103.dat": "sha256-8fItetYY8kQ0ww6oxwTLiT3oXlBwHKumbeP2pRF4yTc=",
      "icudt_no_CJK.lfu7j35m59.dat": "sha256-L7sV7NEYP37/Qr2FPCePo5cJqRgTXRwGHuwF5Q+0Nfs="
    },
    "coreAssembly": {
      "System.Private.CoreLib.slrgxtoepp.wasm": "sha256-QLtzaH2wg3nYsNsNG8z80CCU7k3Ee6tbhDHc7KVQ/1A=",
      "System.Runtime.InteropServices.JavaScript.it9v611w20.wasm": "sha256-dr2zPg+11BQOd27TZPxcs18PqUREGUfAtTD9nRdz7sw="
    },
    "assembly": {
      "FOMSApp.Client.9azqkjbpw3.wasm": "sha256-3xrMW9+jit2JlDUoPWQBEYLNa5xfrmUuKqOG+C2Q2PY=",
      "FOMSApp.Shared.ovhz4b3nh8.wasm": "sha256-vDo1oa4f5n3lJgNrgVribA0Qmmdiy2CSV2DzzpLb3c0=",
      "Microsoft.AspNetCore.Components.Forms.4pi680o7gk.wasm": "sha256-2BMRt/nioS7vdbDhsLWFPbqusRi0Q9olDRXNkOOEbwo=",
      "Microsoft.AspNetCore.Components.mbn4zryi62.wasm": "sha256-Ej5yYFebsXF83S2l3Addxr4UUMSsdyQQTYnsmLLXeDw=",
      "Microsoft.AspNetCore.Components.Web.0yfm7xvf71.wasm": "sha256-ODVGGnHB//Iz0zLUOiPh022F9vdiBEhqmdtpV2mioGk=",
      "Microsoft.AspNetCore.Components.WebAssembly.2g3quoy8pv.wasm": "sha256-8vHpT7VcePc6MlPYGltbRFRecqUmk9pJhYvpjAM1uBE=",
      "Microsoft.Extensions.Configuration.Abstractions.r5enc109h2.wasm": "sha256-kejn/gOaZ5/Qab8lb/zhz/wyo8Zg9PG3qjuiQUhsEnw=",
      "Microsoft.Extensions.Configuration.Json.6ap0l7oqnx.wasm": "sha256-/jB8J7byRl8++Sms23uw7dTZtf4OYQ+9wprtBqLHzvg=",
      "Microsoft.Extensions.Configuration.15dz7nk1d8.wasm": "sha256-uy/W8EvohhKJdrz81rpLzF9zyd3NW2gjrwyE7qjjeJo=",
      "Microsoft.Extensions.DependencyInjection.Abstractions.pxie0x8v5d.wasm": "sha256-XbvEVOUUzekyCDLK7/dwREyfmCfrCBMnCKOE9X7W4l8=",
      "Microsoft.Extensions.DependencyInjection.t7f5r90yql.wasm": "sha256-t+RV090mInmcuQIlc498uXnF8wtK1MRNcmC72iNVUZI=",
      "Microsoft.Extensions.Logging.Abstractions.ungunfmsyt.wasm": "sha256-Jt1s4yZxBCfaW0hBtYM0mQ/tPgqZl1kbrJ+4gm5SHpE=",
      "Microsoft.Extensions.Logging.bvp0h3knwz.wasm": "sha256-9x8FXDisdekP0Dbg8khNrE+Oocnngh9johtSRZyrZPk=",
      "Microsoft.Extensions.Options.yy6l8zfhnn.wasm": "sha256-dkVIywh8nZHlT0rhHWJvYJzM9nT1FpMbPD2fN6yHzAg=",
      "Microsoft.Extensions.Primitives.a5mjza44y9.wasm": "sha256-Il7b7g4iQZWSTrBCdBft+EmS4u4r3VgzpqSIb4bfvTI=",
      "Microsoft.JSInterop.05k8sefq14.wasm": "sha256-9Bt+WlBzRUAleP+Mk327h2zNrm/ZU/2GQNWohHICbio=",
      "Microsoft.JSInterop.WebAssembly.9tiedlnvko.wasm": "sha256-vScvGCGFOzwoTsy7VKfMU9uuEskXbOdWabIc80iDa9g=",
      "netstandard.axckq3m2ow.wasm": "sha256-bqRoMoEdWURuCdwRZVHUHaob42M7+zZH0Ce3jpCVRSc=",
      "NetTopologySuite.Features.xsnad3n9ki.wasm": "sha256-/5/kKkiAotLIxdaC4O8OI9hc0DXB++YxAcqK/Zkmsm0=",
      "NetTopologySuite.IO.GeoJSON4STJ.h6pxjg0y1e.wasm": "sha256-ubAWVuebJ3tidafMaCjE0lsdi/jlTjlOMuDWixGqs7A=",
      "NetTopologySuite.oqt0ly6b56.wasm": "sha256-kLM4asUGKNoR8C9p74Ux2YCl9o5iUhn5kfFn9o/DD0c=",
      "System.Collections.Concurrent.k802f2tkn3.wasm": "sha256-TAuEh9oubQD3mFTnW57V21l+57184QaIhTwuCql79BQ=",
      "System.Collections.Immutable.oqm915yzzl.wasm": "sha256-oG/AJF8fVurK2TT6dvsWiwYhzUgmYdd2XzZ1FkahS8Q=",
      "System.Collections.NonGeneric.k8tan3djn2.wasm": "sha256-fFqJTKZFxP+SOkOjRlIqbWEBIpofWNqNhRZ/B65m6vs=",
      "System.Collections.Specialized.y5iixuiev8.wasm": "sha256-ijrQlGKK2PWq8j6Bbp/xeG+ok3xO1LJCA2FRSIQamTo=",
      "System.Collections.mr1fqsrzsf.wasm": "sha256-To/fArUHWDPovlKNGFQOV3Hw8aD4i4akqHLnUEmNqq8=",
      "System.ComponentModel.Annotations.2m13nsbp0m.wasm": "sha256-Fn6kL6wMbj7uErERnWhQoESMs16Fd6bG1Ii70eitVhs=",
      "System.ComponentModel.Primitives.88mk494kuy.wasm": "sha256-eMrLtQ0JfcOIr31788rkNDXEt594eNqtzoEg3vt9CIk=",
      "System.ComponentModel.TypeConverter.232327zmpa.wasm": "sha256-Tpv5oj+QLl5DGZJf9LGZ0QLmoKgOczHvDaqyaWPPXBU=",
      "System.ComponentModel.rp2ud0tstw.wasm": "sha256-P2bTPhn46nReTKHreFG6K47nCeDru/fCwA+UWdaZUK4=",
      "System.Console.vz7ygthj3p.wasm": "sha256-BS/jKD4/sMWkWzNK/aiayimyq34xRfd4Vm722bYeHOc=",
      "System.Diagnostics.DiagnosticSource.s9fio7rzi5.wasm": "sha256-MN5RZl4jKYLJt6PkZIwHfkq4TITobKdkrvgEou25Ic0=",
      "System.Diagnostics.TextWriterTraceListener.7tb4tbnijt.wasm": "sha256-NbIev8DbJjP7vb7WaN/dkhkVQ0uMvXIXx4aDPawV80c=",
      "System.Diagnostics.TraceSource.8vdl56g540.wasm": "sha256-jInUnQkH+8zNVI56yhmhgQNiUDc4Um/xGjIROG7kcdE=",
      "System.IO.Pipelines.ncn30wamcg.wasm": "sha256-9zgTMImSkQhjVIHXHgoExS+8AMh7pMLhtvcFkVL4GGc=",
      "System.Linq.Expressions.iwkkyeor0v.wasm": "sha256-Lr+urdREgMvqarkQCzMxIyUG/c22Rq77XUWHUnS/I2Q=",
      "System.Linq.04p1b79xpu.wasm": "sha256-oJMrQkVLoheQResN4wOSFhg8IK70ew4iPC3POjQJZws=",
      "System.Memory.gwifaizsgk.wasm": "sha256-kPD2rnuPWteAJT265jHtqh27MmhqlqAcF8zpW8+NwFQ=",
      "System.Net.Http.Json.0mr83wekdm.wasm": "sha256-yID8fuSCZBpbpITg+x4b+v+RcIxyw1eM+E59I3gmvpU=",
      "System.Net.Http.iwaqgwazta.wasm": "sha256-TlZwfESpUBSnFwDA38B34PRFuIWseg3FxqLrjWV2Ao4=",
      "System.Net.Primitives.e24bsgwgy3.wasm": "sha256-VsWTEOyEbltVNWebWtzswCEfVLEN7seHoNS6agRLaJw=",
      "System.ObjectModel.7m6n1tcre6.wasm": "sha256-wcmlpe+jkCyBS3vavLw0cdDgRBV+rg0VDjRGkcGTaZs=",
      "System.Private.Uri.s4cwd29r14.wasm": "sha256-bMqCkNbiXKB1O1tXCE1qkolyfJEVz4Ci3VGrf7fKJnc=",
      "System.Private.Xml.Linq.9ri732rf5n.wasm": "sha256-tfVkbnO3SfV3I77HhUz4hb08UzenGj/o5RQjhoAY/A0=",
      "System.Private.Xml.havmg94vay.wasm": "sha256-6RuyHWi1vRoudZe9Ie9lOfWdkFqLlNK+090WW1rDrGE=",
      "System.Runtime.CompilerServices.Unsafe.66m683fub6.wasm": "sha256-vhkClYxqkrF/GTeHJJ7a1UjuiKLKkine4vlf9nKV2Xw=",
      "System.Runtime.Serialization.Primitives.53mp5ktcqx.wasm": "sha256-EQFV/X5fi+UF4pyjHvt9aKck8oHREQLeEeex/z5vamM=",
      "System.Runtime.qb0mic2z7g.wasm": "sha256-Jo0Ec6shhAsyjigdZ8BwIaa9f1ksiTLF0cSh5x3tmYA=",
      "System.Text.Encodings.Web.hq94nfnuw2.wasm": "sha256-SQ1+aS+lCxp43qhvbxWS01rhQfbvNeDSN0xyk2P9/Hc=",
      "System.Text.Json.gdtjeo4b2i.wasm": "sha256-jLbI6aaOVYnCV5OXc8GhqPvlrzcnNKCv8XGoMUVmN8E=",
      "System.Text.RegularExpressions.qu8ycm2lsd.wasm": "sha256-UmV/usEFXUsfpp+h4kosNa6gIJo0HkSzj2BqB068KDw=",
      "System.8rv0tdtrxz.wasm": "sha256-xMF0eauQ5DkSzUozHLFFMQnL6DSJO09nJLtgag+Dzbw="
    }
  },
  "cacheBootResources": true,
  "debugLevel": 0,
  "linkerEnabled": true,
  "appsettings": [
    "../appsettings.Development.json",
    "../appsettings.json",
    "../appsettings.Production.json"
  ],
  "globalizationMode": "sharded",
  "extensions": {
    "blazor": {}
  }
}