﻿<?xml version="1.0" encoding="utf-8"?>
<deployment>
  <id>817030681fee4fb4b9d5ab360b4092b3</id>
  <author>N/A</author>
  <deployer>OneDeploy</deployer>
  <authorEmail>N/A</authorEmail>
  <message>OneDeploy</message>
  <progress></progress>
  <status>Success</status>
  <statusText></statusText>
  <lastSuccessEndTime>2026-01-22T01:35:28.8777185Z</lastSuccessEndTime>
  <receivedTime>2026-01-22T01:35:25.5181886Z</receivedTime>
  <startTime>2026-01-22T01:35:25.6119314Z</startTime>
  <endTime>2026-01-22T01:35:28.8777185Z</endTime>
  <complete>True</complete>
  <is_temp>False</is_temp>
  <is_readonly>True</is_readonly>
  <project_type>OneDeploy</project_type>
  <vsproject_id></vsproject_id>
</deployment>