﻿<?xml version="1.0" encoding="utf-8"?>
<deployment>
  <id>708754865e1c44f08538f74da2421e33</id>
  <author>N/A</author>
  <deployer>OneDeploy</deployer>
  <authorEmail>N/A</authorEmail>
  <message>OneDeploy</message>
  <progress></progress>
  <status>Success</status>
  <statusText></statusText>
  <lastSuccessEndTime>2026-01-22T00:48:31.2548109Z</lastSuccessEndTime>
  <receivedTime>2026-01-22T00:48:29.8016443Z</receivedTime>
  <startTime>2026-01-22T00:48:29.8953994Z</startTime>
  <endTime>2026-01-22T00:48:31.2548109Z</endTime>
  <complete>True</complete>
  <is_temp>False</is_temp>
  <is_readonly>True</is_readonly>
  <project_type>OneDeploy</project_type>
  <vsproject_id></vsproject_id>
</deployment>