﻿<?xml version="1.0" encoding="utf-8"?>
<deployment>
  <id>434077eb44c148d78004847b438785c6</id>
  <author>N/A</author>
  <deployer>OneDeploy</deployer>
  <authorEmail>N/A</authorEmail>
  <message>OneDeploy</message>
  <progress></progress>
  <status>Success</status>
  <statusText></statusText>
  <lastSuccessEndTime>2026-01-22T01:28:29.6462239Z</lastSuccessEndTime>
  <receivedTime>2026-01-22T01:28:26.2711108Z</receivedTime>
  <startTime>2026-01-22T01:28:26.3492432Z</startTime>
  <endTime>2026-01-22T01:28:29.6462239Z</endTime>
  <complete>True</complete>
  <is_temp>False</is_temp>
  <is_readonly>True</is_readonly>
  <project_type>OneDeploy</project_type>
  <vsproject_id></vsproject_id>
</deployment>