<step title="Incoming Request" date="2026-01-22T00:48:25.785" instance="22a7da" url="/api/publish?type=zip" method="POST" type="request" pid="12024,2,8" Cache-Control="no-cache" Content-Length="27668581" Content-Type="application/octet-stream" Accept="*/*" Accept-Encoding="gzip, deflate" Authorization="Bea..." Host="fomsapp-api-dev-ehg5fxa3hneqd9cb.scm.centralus-01.azurewebsites.net" User-Agent="AZURECLI/2.80.0 (MSI)" x-ms-client-request-id="0ac80034-f72c-11f0-a810-f4a475b53bae" X-ARR-LOG-ID="0ac80034-f72c-11f0-a810-f4a475b53bae" CLIENT-IP="207.193.235.121:53736" X-SITE-DEPLOYMENT-ID="fomsapp-api-dev" WAS-DEFAULT-HOSTNAME="fomsapp-api-dev-ehg5fxa3hneqd9cb.scm.centralus-01.azurewebsites.net" X-Forwarded-Proto="https" X-AppService-Proto="https" X-Forwarded-TlsVersion="1.3" X-WAWS-Unencoded-URL="/api/publish?type=zip" >
  <step title="OneDeploy" date="2026-01-22T00:48:26.019" >
    <step title="Starting PushDeployAsync" date="2026-01-22T00:48:26.050" /><!-- duration: 0ms -->
    <step title="Updating shutdown sentinel last write time" date="2026-01-22T00:48:26.066" SemaphoreCount="7" /><!-- duration: 16ms -->
    <step title="LockFile &apos;C:\home\site\locks\deployments.lock&apos; acquired" date="2026-01-22T00:48:26.081" /><!-- duration: 0ms -->
    <step title="Saving request content to C:\local\Temp\zipdeploy\42byrshk.zip" date="2026-01-22T00:48:26.081" >
      <step title="Total 27,668,581 bytes written to C:\local\Temp\zipdeploy\42byrshk.zip" date="2026-01-22T00:48:29.035" /><!-- duration: 0ms -->
    </step><!-- duration: 2970ms -->
    <step title="LockFile &apos;C:\home\site\locks\deployments.lock&apos; released" date="2026-01-22T00:48:29.067" /><!-- duration: 0ms -->
    <step title="Deleting shutdown sentinel file" date="2026-01-22T00:48:29.067" SemaphoreCount="8" /><!-- duration: 0ms -->
    <step title="Starting FetchDeploy" date="2026-01-22T00:48:29.067" /><!-- duration: 16ms -->
    <step title="Attempting to fetch target branch HEAD" date="2026-01-22T00:48:29.082" /><!-- duration: 0ms -->
    <step title="Updating shutdown sentinel last write time" date="2026-01-22T00:48:29.082" SemaphoreCount="7" /><!-- duration: 16ms -->
    <step title="LockFile &apos;C:\home\site\locks\deployments.lock&apos; acquired" date="2026-01-22T00:48:29.098" /><!-- duration: 0ms -->
    <step title="Performing fetch based deployment" date="2026-01-22T00:48:29.098" >
      <step title="Creating temporary deployment" date="2026-01-22T00:48:29.098" /><!-- duration: 31ms -->
      <step title="Fetching changes." date="2026-01-22T00:48:29.176" /><!-- duration: 0ms -->
      <step title="Starting LocalZipHandler" date="2026-01-22T00:48:29.192" /><!-- duration: 0ms -->
      <step title="Starting LocalZipFetch" date="2026-01-22T00:48:29.192" /><!-- duration: 0ms -->
      <step title="Cleaning up temp folders from previous zip deployments and extracting pushed zip file C:\local\Temp\zipdeploy\42byrshk.zip (26.39 MB) to C:\local\Temp\zipdeploy\extracted" date="2026-01-22T00:48:29.207" /><!-- duration: 0ms -->
      <step title="Cleaning up temp folders from previous zip deployments and extracting pushed zip file C:\local\Temp\zipdeploy\42byrshk.zip (26.39 MB) to C:\local\Temp\zipdeploy\extracted" date="2026-01-22T00:48:29.223" >
        <step title="Renaming extractTargetDirectory(C:\local\Temp\zipdeploy\extracted) to tempDirectory(C:\local\Temp\zipdeploy\ujaotdg4.3fl)" date="2026-01-22T00:48:29.223" /><!-- duration: 0ms -->
        <step title="Extracting 108 entries to C:\local\Temp\zipdeploy\extracted directory" date="2026-01-22T00:48:29.239" >
          <step title="Extracting to C:\local\Temp\zipdeploy\extracted\publish\appsettings.Development.json ..." date="2026-01-22T00:48:29.239" /><!-- duration: 16ms -->
          <step title="Extracting to C:\local\Temp\zipdeploy\extracted\publish\appsettings.json ..." date="2026-01-22T00:48:29.254" /><!-- duration: 16ms -->
          <step title="Extracting to C:\local\Temp\zipdeploy\extracted\publish\appsettings.Production.json ..." date="2026-01-22T00:48:29.270" /><!-- duration: 0ms -->
          <step title="Extracting to C:\local\Temp\zipdeploy\extracted\publish\FOMSApp.API.deps.json ..." date="2026-01-22T00:48:29.286" /><!-- duration: 0ms -->
          <step title="Extracting to C:\local\Temp\zipdeploy\extracted\publish\FOMSApp.API.runtimeconfig.json ..." date="2026-01-22T00:48:29.286" /><!-- duration: 0ms -->
          <step title="Omitting extracting file traces ..." date="2026-01-22T00:48:29.286" /><!-- duration: 16ms -->
        </step><!-- duration: 469ms -->
      </step><!-- duration: 484ms -->
      <step title="None repository commit" date="2026-01-22T00:48:29.707" >
        <step title="Commit id: 708754865e1c44f08538f74da2421e33" date="2026-01-22T00:48:29.707" Message="OneDeploy" AuthorName="N/A" AuthorEmail="N/A" /><!-- duration: 16ms -->
      </step><!-- duration: 16ms -->
      <step title="Before sending BuildRequestReceived status to /api/updatedeploystatus" date="2026-01-22T00:48:29.723" /><!-- duration: 0ms -->
      <step title="DeploymentManager.Deploy(id:708754865e1c44f08538f74da2421e33)" date="2026-01-22T00:48:29.739" >
        <step title="Collecting changeset information" date="2026-01-22T00:48:29.786" /><!-- duration: 31ms -->
        <step title="Updating submodules" date="2026-01-22T00:48:29.817" >
          <step title="Updating submodules." date="2026-01-22T00:48:29.832" /><!-- duration: 16ms -->
        </step><!-- duration: 31ms -->
        <step title="Preparing deployment for commit id &apos;708754865e&apos;." date="2026-01-22T00:48:29.864" /><!-- duration: 16ms -->
        <step title="Determining deployment builder" date="2026-01-22T00:48:29.911" >
          <step title="Builder is OneDeployBuilder" date="2026-01-22T00:48:29.911" /><!-- duration: 0ms -->
        </step><!-- duration: 0ms -->
        <step title="Copying SSH keys" date="2026-01-22T00:48:29.926" /><!-- duration: 0ms -->
        <step title="Building" date="2026-01-22T00:48:29.926" >
          <step title="Running build. Project type: OneDeploy" date="2026-01-22T00:48:29.957" /><!-- duration: 0ms -->
          <step title="Copying the manifest" date="2026-01-22T00:48:29.989" /><!-- duration: 16ms -->
          <step title="Clean deploying to C:\home\site\wwwroot" date="2026-01-22T00:48:30.082" /><!-- duration: 0ms -->
          <step title="Generating deployment script." date="2026-01-22T00:48:30.114" /><!-- duration: 0ms -->
          <step title="Generating deployment script" date="2026-01-22T00:48:30.129" >
            <step title="Using cached version of the deployment script for command: -y --no-dot-deployment -r &quot;C:\local\Temp\zipdeploy\extracted&quot; -o &quot;C:\home\site\deployments\tools&quot; --basic --sitePath &quot;C:\local\Temp\zipdeploy\extracted&quot;" date="2026-01-22T00:48:30.145" /><!-- duration: 0ms -->
            <step title="Using cached version of deployment script (command: &apos;azure -y --no-dot-deployment -r &quot;C:\local\Temp\zipdeploy\extracted&quot; -o &quot;C:\home\site\deployments\tools&quot; --basic --sitePath &quot;C:\local\Temp\zipdeploy\extracted&quot;&apos;)." date="2026-01-22T00:48:30.161" /><!-- duration: 0ms -->
          </step><!-- duration: 47ms -->
          <step title="Running deployment command..." date="2026-01-22T00:48:30.223" /><!-- duration: 0ms -->
          <step title="Command: &quot;C:\home\site\deployments\tools\deploy.cmd&quot;" date="2026-01-22T00:48:30.223" /><!-- duration: 16ms -->
          <step title="Executing external process" date="2026-01-22T00:48:30.239" type="process" path="starter.cmd" arguments="&quot;C:\home\site\deployments\tools\deploy.cmd&quot;" >
            <step title="Handling Basic Web Site deployment." date="2026-01-22T00:48:30.411" /><!-- duration: 0ms -->
            <step title="Creating app_offline.htm" date="2026-01-22T00:48:30.661" /><!-- duration: 0ms -->
            <step title="KuduSync.NET from: &apos;C:\local\Temp\zipdeploy\extracted&apos; to: &apos;C:\home\site\wwwroot&apos;" date="2026-01-22T00:48:30.676" /><!-- duration: 0ms -->
            <step title="Copying file: &apos;appsettings.Production.json&apos;" date="2026-01-22T00:48:30.676" /><!-- duration: 16ms -->
            <step title="Copying file: &apos;FOMSApp.API.dll&apos;" date="2026-01-22T00:48:30.692" /><!-- duration: 0ms -->
            <step title="Copying file: &apos;FOMSApp.API.exe&apos;" date="2026-01-22T00:48:30.707" /><!-- duration: 0ms -->
            <step title="Copying file: &apos;FOMSApp.API.pdb&apos;" date="2026-01-22T00:48:30.707" /><!-- duration: 16ms -->
            <step title="Copying file: &apos;FOMSApp.Shared.dll&apos;" date="2026-01-22T00:48:30.723" /><!-- duration: 0ms -->
            <step title="Copying file: &apos;FOMSApp.Shared.pdb&apos;" date="2026-01-22T00:48:30.723" /><!-- duration: 16ms -->
            <step title="Copying file: &apos;publish\publish\appsettings.Development.json&apos;" date="2026-01-22T00:48:30.739" /><!-- duration: 16ms -->
            <step title="Copying file: &apos;publish\publish\appsettings.json&apos;" date="2026-01-22T00:48:30.754" /><!-- duration: 16ms -->
            <step title="Copying file: &apos;publish\publish\appsettings.Production.json&apos;" date="2026-01-22T00:48:30.770" /><!-- duration: 0ms -->
            <step title="Copying file: &apos;publish\publish\FOMSApp.API.deps.json&apos;" date="2026-01-22T00:48:30.786" /><!-- duration: 0ms -->
            <step title="Copying file: &apos;publish\publish\FOMSApp.API.runtimeconfig.json&apos;" date="2026-01-22T00:48:30.786" /><!-- duration: 16ms -->
            <step title="Copying file: &apos;publish\publish\FOMSApp.API.staticwebassets.endpoints.json&apos;" date="2026-01-22T00:48:30.801" /><!-- duration: 0ms -->
            <step title="Copying file: &apos;publish\publish\web.config&apos;" date="2026-01-22T00:48:30.817" /><!-- duration: 0ms -->
            <step title="Deleting app_offline.htm" date="2026-01-22T00:48:30.817" /><!-- duration: 16ms -->
            <step title="Finished successfully." date="2026-01-22T00:48:30.832" /><!-- duration: 0ms -->
          </step><!-- duration: 594ms -->
          <step title="Build completed succesfully." date="2026-01-22T00:48:30.864" /><!-- duration: 0ms -->
          <step title="Running post deployment command(s)..." date="2026-01-22T00:48:30.895" /><!-- duration: 0ms -->
          <step title="Requesting site restart" date="2026-01-22T00:48:30.926" /><!-- duration: 16ms -->
          <step title="Requesting site restart" date="2026-01-22T00:48:30.942" /><!-- duration: 0ms -->
          <step title="Requesting site restart. Attempt #1" date="2026-01-22T00:48:30.973" /><!-- duration: 0ms -->
          <step title="Requesting site restart. Attempt #1" date="2026-01-22T00:48:30.973" /><!-- duration: 16ms -->
          <step title="Successfully requested a restart. Attempt #1" date="2026-01-22T00:48:31.223" /><!-- duration: 0ms -->
          <step title="Successfully requested a restart. Attempt #1" date="2026-01-22T00:48:31.223" /><!-- duration: 0ms -->
          <step title="Deployment successful. DEPLOYMENTINFO: deploymentPath = OneDeploy, deployer = OneDeploy, os = windows, sku = Free, siteName = fomsapp-api-dev, siteHostName = fomsapp-api-dev-ehg5fxa3hneqd9cb.centralus-01.azurewebsites.net, deploymentStatus = Success" date="2026-01-22T00:48:31.239" /><!-- duration: 16ms -->
        </step><!-- duration: 1391ms -->
      </step><!-- duration: 1578ms -->
      <step title="Cleaning up temp files" date="2026-01-22T00:48:31.332" /><!-- duration: 0ms -->
      <step title="Skip function trigger and logicapp sync because function is not enabled." date="2026-01-22T00:48:31.332" /><!-- duration: 0ms -->
    </step><!-- duration: 2406ms -->
    <step title="LockFile &apos;C:\home\site\locks\deployments.lock&apos; released" date="2026-01-22T00:48:31.504" /><!-- duration: 16ms -->
    <step title="Deleting shutdown sentinel file" date="2026-01-22T00:48:31.520" SemaphoreCount="8" /><!-- duration: 16ms -->
  </step><!-- duration: 5517ms -->
  <step title="Outgoing response" date="2026-01-22T00:48:31.536" type="response" statusCode="200" statusText="OK" Server="Microsoft-IIS/10.0" x-ms-request-id="0ac80034-f72c-11f0-a810-f4a475b53bae" Cache-Control="private" X-AspNet-Version="4.0.30319" /><!-- duration: 0ms -->
</step><!-- duration: 5767ms -->
