<step title="Incoming Request" date="2026-01-22T01:00:08.425" instance="22a7da" url="/api/publish?type=zip" method="POST" type="request" pid="2636,2,8" Cache-Control="no-cache" Content-Length="27684984" Content-Type="application/octet-stream" Accept="*/*" Accept-Encoding="gzip, deflate" Authorization="Bea..." Host="fomsapp-api-dev-ehg5fxa3hneqd9cb.scm.centralus-01.azurewebsites.net" User-Agent="AZURECLI/2.80.0 (MSI)" x-ms-client-request-id="aaedbb52-f72d-11f0-814e-f4a475b53bae" X-ARR-LOG-ID="aaedbb52-f72d-11f0-814e-f4a475b53bae" CLIENT-IP="207.193.235.121:55808" X-SITE-DEPLOYMENT-ID="fomsapp-api-dev" WAS-DEFAULT-HOSTNAME="fomsapp-api-dev-ehg5fxa3hneqd9cb.scm.centralus-01.azurewebsites.net" X-Forwarded-Proto="https" X-AppService-Proto="https" X-Forwarded-TlsVersion="1.3" X-WAWS-Unencoded-URL="/api/publish?type=zip" >
  <step title="OneDeploy" date="2026-01-22T01:00:08.659" >
    <step title="Starting PushDeployAsync" date="2026-01-22T01:00:08.690" /><!-- duration: 0ms -->
    <step title="Updating shutdown sentinel last write time" date="2026-01-22T01:00:08.737" SemaphoreCount="7" /><!-- duration: 16ms -->
    <step title="LockFile &apos;C:\home\site\locks\deployments.lock&apos; acquired" date="2026-01-22T01:00:08.753" /><!-- duration: 0ms -->
    <step title="Saving request content to C:\local\Temp\zipdeploy\zel4ip2k.zip" date="2026-01-22T01:00:08.753" >
      <step title="Total 27,684,984 bytes written to C:\local\Temp\zipdeploy\zel4ip2k.zip" date="2026-01-22T01:00:11.816" /><!-- duration: 0ms -->
    </step><!-- duration: 3063ms -->
    <step title="LockFile &apos;C:\home\site\locks\deployments.lock&apos; released" date="2026-01-22T01:00:11.831" /><!-- duration: 0ms -->
    <step title="Deleting shutdown sentinel file" date="2026-01-22T01:00:11.831" SemaphoreCount="8" /><!-- duration: 0ms -->
    <step title="Starting FetchDeploy" date="2026-01-22T01:00:11.831" /><!-- duration: 16ms -->
    <step title="Attempting to fetch target branch HEAD" date="2026-01-22T01:00:11.847" /><!-- duration: 0ms -->
    <step title="Updating shutdown sentinel last write time" date="2026-01-22T01:00:11.847" SemaphoreCount="7" /><!-- duration: 16ms -->
    <step title="LockFile &apos;C:\home\site\locks\deployments.lock&apos; acquired" date="2026-01-22T01:00:11.862" /><!-- duration: 16ms -->
    <step title="Performing fetch based deployment" date="2026-01-22T01:00:11.878" >
      <step title="Creating temporary deployment" date="2026-01-22T01:00:11.878" /><!-- duration: 16ms -->
      <step title="Fetching changes." date="2026-01-22T01:00:11.941" /><!-- duration: 0ms -->
      <step title="Starting LocalZipHandler" date="2026-01-22T01:00:11.972" /><!-- duration: 0ms -->
      <step title="Starting LocalZipFetch" date="2026-01-22T01:00:11.972" /><!-- duration: 16ms -->
      <step title="Cleaning up temp folders from previous zip deployments and extracting pushed zip file C:\local\Temp\zipdeploy\zel4ip2k.zip (26.40 MB) to C:\local\Temp\zipdeploy\extracted" date="2026-01-22T01:00:11.987" /><!-- duration: 0ms -->
      <step title="Cleaning up temp folders from previous zip deployments and extracting pushed zip file C:\local\Temp\zipdeploy\zel4ip2k.zip (26.40 MB) to C:\local\Temp\zipdeploy\extracted" date="2026-01-22T01:00:11.987" >
        <step title="Renaming extractTargetDirectory(C:\local\Temp\zipdeploy\extracted) to tempDirectory(C:\local\Temp\zipdeploy\zk3v54nh.otr)" date="2026-01-22T01:00:12.003" /><!-- duration: 0ms -->
        <step title="Extracting 115 entries to C:\local\Temp\zipdeploy\extracted directory" date="2026-01-22T01:00:12.019" >
          <step title="Extracting to C:\local\Temp\zipdeploy\extracted\publish\appsettings.Development.json ..." date="2026-01-22T01:00:12.019" /><!-- duration: 16ms -->
          <step title="Extracting to C:\local\Temp\zipdeploy\extracted\publish\appsettings.json ..." date="2026-01-22T01:00:12.097" /><!-- duration: 0ms -->
          <step title="Extracting to C:\local\Temp\zipdeploy\extracted\publish\appsettings.Production.json ..." date="2026-01-22T01:00:12.097" /><!-- duration: 16ms -->
          <step title="Extracting to C:\local\Temp\zipdeploy\extracted\publish\FOMSApp.API.deps.json ..." date="2026-01-22T01:00:12.112" /><!-- duration: 0ms -->
          <step title="Extracting to C:\local\Temp\zipdeploy\extracted\publish\FOMSApp.API.runtimeconfig.json ..." date="2026-01-22T01:00:12.112" /><!-- duration: 0ms -->
          <step title="Omitting extracting file traces ..." date="2026-01-22T01:00:12.128" /><!-- duration: 0ms -->
        </step><!-- duration: 531ms -->
      </step><!-- duration: 563ms -->
      <step title="None repository commit" date="2026-01-22T01:00:12.550" >
        <step title="Commit id: 19da959ec0694b849c6c3f52b0cad1e5" date="2026-01-22T01:00:12.566" Message="OneDeploy" AuthorName="N/A" AuthorEmail="N/A" /><!-- duration: 0ms -->
      </step><!-- duration: 16ms -->
      <step title="Before sending BuildRequestReceived status to /api/updatedeploystatus" date="2026-01-22T01:00:12.566" /><!-- duration: 0ms -->
      <step title="DeploymentManager.Deploy(id:19da959ec0694b849c6c3f52b0cad1e5)" date="2026-01-22T01:00:12.566" >
        <step title="Collecting changeset information" date="2026-01-22T01:00:12.581" /><!-- duration: 16ms -->
        <step title="Updating submodules" date="2026-01-22T01:00:12.613" >
          <step title="Updating submodules." date="2026-01-22T01:00:12.628" /><!-- duration: 0ms -->
        </step><!-- duration: 31ms -->
        <step title="Preparing deployment for commit id &apos;19da959ec0&apos;." date="2026-01-22T01:00:12.691" /><!-- duration: 0ms -->
        <step title="Determining deployment builder" date="2026-01-22T01:00:12.722" >
          <step title="Builder is OneDeployBuilder" date="2026-01-22T01:00:12.722" /><!-- duration: 0ms -->
        </step><!-- duration: 0ms -->
        <step title="Copying SSH keys" date="2026-01-22T01:00:12.738" /><!-- duration: 0ms -->
        <step title="Building" date="2026-01-22T01:00:12.738" >
          <step title="Running build. Project type: OneDeploy" date="2026-01-22T01:00:12.769" /><!-- duration: 0ms -->
          <step title="Copying the manifest" date="2026-01-22T01:00:12.784" /><!-- duration: 16ms -->
          <step title="Clean deploying to C:\home\site\wwwroot" date="2026-01-22T01:00:12.831" /><!-- duration: 0ms -->
          <step title="Generating deployment script." date="2026-01-22T01:00:12.863" /><!-- duration: 16ms -->
          <step title="Generating deployment script" date="2026-01-22T01:00:12.878" >
            <step title="Using cached version of the deployment script for command: -y --no-dot-deployment -r &quot;C:\local\Temp\zipdeploy\extracted&quot; -o &quot;C:\home\site\deployments\tools&quot; --basic --sitePath &quot;C:\local\Temp\zipdeploy\extracted&quot;" date="2026-01-22T01:00:12.894" /><!-- duration: 0ms -->
            <step title="Using cached version of deployment script (command: &apos;azure -y --no-dot-deployment -r &quot;C:\local\Temp\zipdeploy\extracted&quot; -o &quot;C:\home\site\deployments\tools&quot; --basic --sitePath &quot;C:\local\Temp\zipdeploy\extracted&quot;&apos;)." date="2026-01-22T01:00:12.925" /><!-- duration: 0ms -->
          </step><!-- duration: 78ms -->
          <step title="Running deployment command..." date="2026-01-22T01:00:12.988" /><!-- duration: 0ms -->
          <step title="Command: &quot;C:\home\site\deployments\tools\deploy.cmd&quot;" date="2026-01-22T01:00:13.003" /><!-- duration: 0ms -->
          <step title="Executing external process" date="2026-01-22T01:00:13.003" type="process" path="starter.cmd" arguments="&quot;C:\home\site\deployments\tools\deploy.cmd&quot;" >
            <step title="Handling Basic Web Site deployment." date="2026-01-22T01:00:13.159" /><!-- duration: 0ms -->
            <step title="Creating app_offline.htm" date="2026-01-22T01:00:13.425" /><!-- duration: 0ms -->
            <step title="KuduSync.NET from: &apos;C:\local\Temp\zipdeploy\extracted&apos; to: &apos;C:\home\site\wwwroot&apos;" date="2026-01-22T01:00:13.441" /><!-- duration: 0ms -->
            <step title="Copying file: &apos;FOMSApp.API.dll&apos;" date="2026-01-22T01:00:13.456" /><!-- duration: 0ms -->
            <step title="Copying file: &apos;FOMSApp.API.exe&apos;" date="2026-01-22T01:00:13.456" /><!-- duration: 16ms -->
            <step title="Copying file: &apos;FOMSApp.API.pdb&apos;" date="2026-01-22T01:00:13.472" /><!-- duration: 0ms -->
            <step title="Copying file: &apos;FOMSApp.Shared.dll&apos;" date="2026-01-22T01:00:13.488" /><!-- duration: 0ms -->
            <step title="Copying file: &apos;FOMSApp.Shared.pdb&apos;" date="2026-01-22T01:00:13.488" /><!-- duration: 0ms -->
            <step title="Copying file: &apos;publish\appsettings.Production.json&apos;" date="2026-01-22T01:00:13.503" /><!-- duration: 0ms -->
            <step title="Copying file: &apos;publish\publish\publish\appsettings.Development.json&apos;" date="2026-01-22T01:00:13.519" /><!-- duration: 0ms -->
            <step title="Copying file: &apos;publish\publish\publish\appsettings.json&apos;" date="2026-01-22T01:00:13.534" /><!-- duration: 0ms -->
            <step title="Copying file: &apos;publish\publish\publish\appsettings.Production.json&apos;" date="2026-01-22T01:00:13.550" /><!-- duration: 0ms -->
            <step title="Copying file: &apos;publish\publish\publish\FOMSApp.API.deps.json&apos;" date="2026-01-22T01:00:13.550" /><!-- duration: 16ms -->
            <step title="Copying file: &apos;publish\publish\publish\FOMSApp.API.runtimeconfig.json&apos;" date="2026-01-22T01:00:13.566" /><!-- duration: 0ms -->
            <step title="Copying file: &apos;publish\publish\publish\FOMSApp.API.staticwebassets.endpoints.json&apos;" date="2026-01-22T01:00:13.581" /><!-- duration: 0ms -->
            <step title="Copying file: &apos;publish\publish\publish\web.config&apos;" date="2026-01-22T01:00:13.581" /><!-- duration: 16ms -->
            <step title="Deleting app_offline.htm" date="2026-01-22T01:00:13.597" /><!-- duration: 0ms -->
            <step title="Finished successfully." date="2026-01-22T01:00:13.613" /><!-- duration: 0ms -->
          </step><!-- duration: 609ms -->
          <step title="Build completed succesfully." date="2026-01-22T01:00:13.644" /><!-- duration: 16ms -->
          <step title="Running post deployment command(s)..." date="2026-01-22T01:00:13.675" /><!-- duration: 16ms -->
          <step title="Requesting site restart" date="2026-01-22T01:00:13.738" /><!-- duration: 0ms -->
          <step title="Requesting site restart" date="2026-01-22T01:00:13.753" /><!-- duration: 0ms -->
          <step title="Requesting site restart. Attempt #1" date="2026-01-22T01:00:13.769" /><!-- duration: 16ms -->
          <step title="Requesting site restart. Attempt #1" date="2026-01-22T01:00:13.784" /><!-- duration: 0ms -->
          <step title="Successfully requested a restart. Attempt #1" date="2026-01-22T01:00:14.019" /><!-- duration: 0ms -->
          <step title="Successfully requested a restart. Attempt #1" date="2026-01-22T01:00:14.034" /><!-- duration: 0ms -->
          <step title="Deployment successful. DEPLOYMENTINFO: deploymentPath = OneDeploy, deployer = OneDeploy, os = windows, sku = Free, siteName = fomsapp-api-dev, siteHostName = fomsapp-api-dev-ehg5fxa3hneqd9cb.centralus-01.azurewebsites.net, deploymentStatus = Success" date="2026-01-22T01:00:14.050" /><!-- duration: 0ms -->
        </step><!-- duration: 1406ms -->
      </step><!-- duration: 1578ms -->
      <step title="Cleaning up temp files" date="2026-01-22T01:00:14.144" /><!-- duration: 0ms -->
      <step title="Skip function trigger and logicapp sync because function is not enabled." date="2026-01-22T01:00:14.159" /><!-- duration: 0ms -->
    </step><!-- duration: 2297ms -->
    <step title="LockFile &apos;C:\home\site\locks\deployments.lock&apos; released" date="2026-01-22T01:00:14.175" /><!-- duration: 16ms -->
    <step title="Deleting shutdown sentinel file" date="2026-01-22T01:00:14.191" SemaphoreCount="8" /><!-- duration: 0ms -->
  </step><!-- duration: 5531ms -->
  <step title="Outgoing response" date="2026-01-22T01:00:14.207" type="response" statusCode="200" statusText="OK" Server="Microsoft-IIS/10.0" x-ms-request-id="aaedbb52-f72d-11f0-814e-f4a475b53bae" Cache-Control="private" X-AspNet-Version="4.0.30319" /><!-- duration: 0ms -->
</step><!-- duration: 5782ms -->
