<step title="Incoming Request" date="2026-01-22T00:38:14.534" instance="22a7da" url="/api/publish?type=zip" method="POST" type="request" pid="8984,2,9" Cache-Control="no-cache" Content-Length="27652275" Content-Type="application/octet-stream" Accept="*/*" Accept-Encoding="gzip, deflate" Authorization="Bea..." Host="fomsapp-api-dev-ehg5fxa3hneqd9cb.scm.centralus-01.azurewebsites.net" User-Agent="AZURECLI/2.80.0 (MSI)" x-ms-client-request-id="9e740247-f72a-11f0-bf9e-f4a475b53bae" X-ARR-LOG-ID="9e740247-f72a-11f0-bf9e-f4a475b53bae" CLIENT-IP="207.193.235.121:50437" X-SITE-DEPLOYMENT-ID="fomsapp-api-dev" WAS-DEFAULT-HOSTNAME="fomsapp-api-dev-ehg5fxa3hneqd9cb.scm.centralus-01.azurewebsites.net" X-Forwarded-Proto="https" X-AppService-Proto="https" X-Forwarded-TlsVersion="1.3" X-WAWS-Unencoded-URL="/api/publish?type=zip" >
  <step title="OneDeploy" date="2026-01-22T00:38:14.847" >
    <step title="Starting PushDeployAsync" date="2026-01-22T00:38:14.878" /><!-- duration: 0ms -->
    <step title="Updating shutdown sentinel last write time" date="2026-01-22T00:38:14.941" SemaphoreCount="7" /><!-- duration: 0ms -->
    <step title="LockFile &apos;C:\home\site\locks\deployments.lock&apos; acquired" date="2026-01-22T00:38:14.941" /><!-- duration: 0ms -->
    <step title="Saving request content to C:\local\Temp\zipdeploy\v1mvseuf.zip" date="2026-01-22T00:38:14.956" >
      <step title="Total 27,652,275 bytes written to C:\local\Temp\zipdeploy\v1mvseuf.zip" date="2026-01-22T00:38:17.894" /><!-- duration: 0ms -->
    </step><!-- duration: 2938ms -->
    <step title="LockFile &apos;C:\home\site\locks\deployments.lock&apos; released" date="2026-01-22T00:38:17.910" /><!-- duration: 0ms -->
    <step title="Deleting shutdown sentinel file" date="2026-01-22T00:38:17.925" SemaphoreCount="8" /><!-- duration: 0ms -->
    <step title="Starting FetchDeploy" date="2026-01-22T00:38:17.925" /><!-- duration: 0ms -->
    <step title="Attempting to fetch target branch HEAD" date="2026-01-22T00:38:17.925" /><!-- duration: 16ms -->
    <step title="Updating shutdown sentinel last write time" date="2026-01-22T00:38:17.941" SemaphoreCount="7" /><!-- duration: 0ms -->
    <step title="LockFile &apos;C:\home\site\locks\deployments.lock&apos; acquired" date="2026-01-22T00:38:17.941" /><!-- duration: 16ms -->
    <step title="Performing fetch based deployment" date="2026-01-22T00:38:17.956" >
      <step title="Creating temporary deployment" date="2026-01-22T00:38:17.972" /><!-- duration: 47ms -->
      <step title="Fetching changes." date="2026-01-22T00:38:18.081" /><!-- duration: 0ms -->
      <step title="Starting LocalZipHandler" date="2026-01-22T00:38:18.113" /><!-- duration: 0ms -->
      <step title="Starting LocalZipFetch" date="2026-01-22T00:38:18.128" /><!-- duration: 0ms -->
      <step title="Cleaning up temp folders from previous zip deployments and extracting pushed zip file C:\local\Temp\zipdeploy\v1mvseuf.zip (26.37 MB) to C:\local\Temp\zipdeploy\extracted" date="2026-01-22T00:38:18.144" /><!-- duration: 0ms -->
      <step title="Cleaning up temp folders from previous zip deployments and extracting pushed zip file C:\local\Temp\zipdeploy\v1mvseuf.zip (26.37 MB) to C:\local\Temp\zipdeploy\extracted" date="2026-01-22T00:38:18.144" >
        <step title="Extracting 101 entries to C:\local\Temp\zipdeploy\extracted directory" date="2026-01-22T00:38:18.160" >
          <step title="Extracting to C:\local\Temp\zipdeploy\extracted\publish\appsettings.Development.json ..." date="2026-01-22T00:38:18.160" /><!-- duration: 16ms -->
          <step title="Extracting to C:\local\Temp\zipdeploy\extracted\publish\appsettings.json ..." date="2026-01-22T00:38:18.191" /><!-- duration: 0ms -->
          <step title="Extracting to C:\local\Temp\zipdeploy\extracted\publish\appsettings.Production.json ..." date="2026-01-22T00:38:18.191" /><!-- duration: 0ms -->
          <step title="Extracting to C:\local\Temp\zipdeploy\extracted\publish\FOMSApp.API.deps.json ..." date="2026-01-22T00:38:18.191" /><!-- duration: 16ms -->
          <step title="Extracting to C:\local\Temp\zipdeploy\extracted\publish\FOMSApp.API.runtimeconfig.json ..." date="2026-01-22T00:38:18.206" /><!-- duration: 0ms -->
          <step title="Omitting extracting file traces ..." date="2026-01-22T00:38:18.206" /><!-- duration: 16ms -->
        </step><!-- duration: 484ms -->
      </step><!-- duration: 500ms -->
      <step title="None repository commit" date="2026-01-22T00:38:18.644" >
        <step title="Commit id: 7c3ef0c7e077450dbc8ca83b686bb1e9" date="2026-01-22T00:38:18.660" Message="OneDeploy" AuthorName="N/A" AuthorEmail="N/A" /><!-- duration: 0ms -->
      </step><!-- duration: 16ms -->
      <step title="Before sending BuildRequestReceived status to /api/updatedeploystatus" date="2026-01-22T00:38:18.660" /><!-- duration: 0ms -->
      <step title="DeploymentManager.Deploy(id:7c3ef0c7e077450dbc8ca83b686bb1e9)" date="2026-01-22T00:38:18.675" >
        <step title="Collecting changeset information" date="2026-01-22T00:38:18.691" /><!-- duration: 16ms -->
        <step title="Updating submodules" date="2026-01-22T00:38:18.706" >
          <step title="Updating submodules." date="2026-01-22T00:38:18.722" /><!-- duration: 16ms -->
        </step><!-- duration: 31ms -->
        <step title="Preparing deployment for commit id &apos;7c3ef0c7e0&apos;." date="2026-01-22T00:38:18.753" /><!-- duration: 16ms -->
        <step title="Determining deployment builder" date="2026-01-22T00:38:18.800" >
          <step title="Builder is OneDeployBuilder" date="2026-01-22T00:38:18.800" /><!-- duration: 0ms -->
        </step><!-- duration: 16ms -->
        <step title="Copying SSH keys" date="2026-01-22T00:38:18.816" /><!-- duration: 16ms -->
        <step title="Building" date="2026-01-22T00:38:18.831" >
          <step title="Running build. Project type: OneDeploy" date="2026-01-22T00:38:18.863" /><!-- duration: 0ms -->
          <step title="Copying the manifest" date="2026-01-22T00:38:18.894" /><!-- duration: 0ms -->
          <step title="Clean deploying to C:\home\site\wwwroot" date="2026-01-22T00:38:18.956" /><!-- duration: 0ms -->
          <step title="Generating deployment script." date="2026-01-22T00:38:18.988" /><!-- duration: 0ms -->
          <step title="Generating deployment script" date="2026-01-22T00:38:19.003" >
            <step title="Using the following command to generate deployment script: &apos;azure site deploymentscript -y --no-dot-deployment -r &quot;C:\local\Temp\zipdeploy\extracted&quot; -o &quot;C:\home\site\deployments\tools&quot; --basic --sitePath &quot;C:\local\Temp\zipdeploy\extracted&quot;&apos;." date="2026-01-22T00:38:19.050" /><!-- duration: 0ms -->
            <step title="Executing external process" date="2026-01-22T00:38:19.081" type="process" path="starter.cmd" arguments="&quot;C:\Program Files (x86)\SiteExtensions\Kudu\2025.11.1.1\bin\node_modules\.bin\kuduscript.cmd&quot; -y --no-dot-deployment -r &quot;C:\local\Temp\zipdeploy\extracted&quot; -o &quot;C:\home\site\deployments\tools&quot; --basic --sitePath &quot;C:\local\Temp\zipdeploy\extracted&quot;" >
              <step title="Generating deployment script for Web Site" date="2026-01-22T00:38:19.269" /><!-- duration: 0ms -->
              <step title="Generated deployment script files" date="2026-01-22T00:38:19.285" /><!-- duration: 0ms -->
            </step><!-- duration: 203ms -->
            <step title="Saved cached version of the deployment script for command -y --no-dot-deployment -r &quot;C:\local\Temp\zipdeploy\extracted&quot; -o &quot;C:\home\site\deployments\tools&quot; --basic --sitePath &quot;C:\local\Temp\zipdeploy\extracted&quot;" date="2026-01-22T00:38:19.285" /><!-- duration: 16ms -->
          </step><!-- duration: 297ms -->
          <step title="Running deployment command..." date="2026-01-22T00:38:19.316" /><!-- duration: 0ms -->
          <step title="Command: &quot;C:\home\site\deployments\tools\deploy.cmd&quot;" date="2026-01-22T00:38:19.331" /><!-- duration: 0ms -->
          <step title="Executing external process" date="2026-01-22T00:38:19.347" type="process" path="starter.cmd" arguments="&quot;C:\home\site\deployments\tools\deploy.cmd&quot;" >
            <step title="Handling Basic Web Site deployment." date="2026-01-22T00:38:19.488" /><!-- duration: 0ms -->
            <step title="Creating app_offline.htm" date="2026-01-22T00:38:19.738" /><!-- duration: 0ms -->
            <step title="KuduSync.NET from: &apos;C:\local\Temp\zipdeploy\extracted&apos; to: &apos;C:\home\site\wwwroot&apos;" date="2026-01-22T00:38:19.753" /><!-- duration: 0ms -->
            <step title="Deleting file: &apos;hostingstart.html&apos;" date="2026-01-22T00:38:19.769" /><!-- duration: 0ms -->
            <step title="Copying file: &apos;appsettings.Development.json&apos;" date="2026-01-22T00:38:19.785" /><!-- duration: 0ms -->
            <step title="Copying file: &apos;appsettings.json&apos;" date="2026-01-22T00:38:19.785" /><!-- duration: 16ms -->
            <step title="Copying file: &apos;appsettings.Production.json&apos;" date="2026-01-22T00:38:19.800" /><!-- duration: 0ms -->
            <step title="Copying file: &apos;Azure.Core.dll&apos;" date="2026-01-22T00:38:19.816" /><!-- duration: 0ms -->
            <step title="Copying file: &apos;Azure.Identity.dll&apos;" date="2026-01-22T00:38:19.816" /><!-- duration: 16ms -->
            <step title="Copying file: &apos;Azure.Storage.Blobs.dll&apos;" date="2026-01-22T00:38:19.831" /><!-- duration: 0ms -->
            <step title="Copying file: &apos;Azure.Storage.Common.dll&apos;" date="2026-01-22T00:38:19.847" /><!-- duration: 0ms -->
            <step title="Copying file: &apos;FOMSApp.API.deps.json&apos;" date="2026-01-22T00:38:19.847" /><!-- duration: 0ms -->
            <step title="Copying file: &apos;FOMSApp.API.dll&apos;" date="2026-01-22T00:38:19.863" /><!-- duration: 0ms -->
            <step title="Copying file: &apos;FOMSApp.API.exe&apos;" date="2026-01-22T00:38:19.878" /><!-- duration: 0ms -->
            <step title="Copying file: &apos;FOMSApp.API.pdb&apos;" date="2026-01-22T00:38:19.878" /><!-- duration: 16ms -->
            <step title="Copying file: &apos;FOMSApp.API.runtimeconfig.json&apos;" date="2026-01-22T00:38:19.894" /><!-- duration: 0ms -->
            <step title="Copying file: &apos;FOMSApp.API.staticwebassets.endpoints.json&apos;" date="2026-01-22T00:38:19.910" /><!-- duration: 0ms -->
            <step title="Copying file: &apos;FOMSApp.Shared.dll&apos;" date="2026-01-22T00:38:19.910" /><!-- duration: 0ms -->
            <step title="Copying file: &apos;FOMSApp.Shared.pdb&apos;" date="2026-01-22T00:38:19.925" /><!-- duration: 0ms -->
            <step title="Copying file: &apos;Microsoft.Bcl.AsyncInterfaces.dll&apos;" date="2026-01-22T00:38:19.925" /><!-- duration: 0ms -->
            <step title="Copying file: &apos;Microsoft.Data.SqlClient.dll&apos;" date="2026-01-22T00:38:19.941" /><!-- duration: 0ms -->
            <step title="Copying file: &apos;Microsoft.EntityFrameworkCore.Abstractions.dll&apos;" date="2026-01-22T00:38:19.956" /><!-- duration: 0ms -->
            <step title="Copying file: &apos;Microsoft.EntityFrameworkCore.dll&apos;" date="2026-01-22T00:38:19.972" /><!-- duration: 0ms -->
            <step title="Copying file: &apos;Microsoft.EntityFrameworkCore.Relational.dll&apos;" date="2026-01-22T00:38:19.972" /><!-- duration: 0ms -->
            <step title="Copying file: &apos;Microsoft.EntityFrameworkCore.SqlServer.dll&apos;" date="2026-01-22T00:38:19.988" /><!-- duration: 0ms -->
            <step title="Copying file: &apos;Microsoft.EntityFrameworkCore.SqlServer.NetTopologySuite.dll&apos;" date="2026-01-22T00:38:20.003" /><!-- duration: 0ms -->
            <step title="Copying file: &apos;Microsoft.Identity.Client.dll&apos;" date="2026-01-22T00:38:20.003" /><!-- duration: 0ms -->
            <step title="Copying file: &apos;Microsoft.Identity.Client.Extensions.Msal.dll&apos;" date="2026-01-22T00:38:20.019" /><!-- duration: 0ms -->
            <step title="Copying file: &apos;Microsoft.IdentityModel.Abstractions.dll&apos;" date="2026-01-22T00:38:20.035" /><!-- duration: 0ms -->
            <step title="Copying file: &apos;Microsoft.IdentityModel.JsonWebTokens.dll&apos;" date="2026-01-22T00:38:20.050" /><!-- duration: 0ms -->
            <step title="Copying file: &apos;Microsoft.IdentityModel.Logging.dll&apos;" date="2026-01-22T00:38:20.050" /><!-- duration: 16ms -->
            <step title="Copying file: &apos;Microsoft.IdentityModel.Protocols.dll&apos;" date="2026-01-22T00:38:20.066" /><!-- duration: 0ms -->
            <step title="Copying file: &apos;Microsoft.IdentityModel.Protocols.OpenIdConnect.dll&apos;" date="2026-01-22T00:38:20.081" /><!-- duration: 0ms -->
            <step title="Copying file: &apos;Microsoft.IdentityModel.Tokens.dll&apos;" date="2026-01-22T00:38:20.097" /><!-- duration: 0ms -->
            <step title="Copying file: &apos;Microsoft.OpenApi.dll&apos;" date="2026-01-22T00:38:20.097" /><!-- duration: 0ms -->
            <step title="Copying file: &apos;Microsoft.SqlServer.Server.dll&apos;" date="2026-01-22T00:38:20.113" /><!-- duration: 0ms -->
            <step title="Copying file: &apos;Microsoft.Win32.SystemEvents.dll&apos;" date="2026-01-22T00:38:20.113" /><!-- duration: 16ms -->
            <step title="Copying file: &apos;NetTopologySuite.dll&apos;" date="2026-01-22T00:38:20.128" /><!-- duration: 0ms -->
            <step title="Copying file: &apos;NetTopologySuite.Features.dll&apos;" date="2026-01-22T00:38:20.144" /><!-- duration: 0ms -->
            <step title="Copying file: &apos;NetTopologySuite.IO.GeoJSON4STJ.dll&apos;" date="2026-01-22T00:38:20.160" /><!-- duration: 0ms -->
            <step title="Copying file: &apos;NetTopologySuite.IO.SqlServerBytes.dll&apos;" date="2026-01-22T00:38:20.160" /><!-- duration: 0ms -->
            <step title="Copying file: &apos;Swashbuckle.AspNetCore.Swagger.dll&apos;" date="2026-01-22T00:38:20.175" /><!-- duration: 0ms -->
            <step title="Copying file: &apos;Swashbuckle.AspNetCore.SwaggerGen.dll&apos;" date="2026-01-22T00:38:20.175" /><!-- duration: 16ms -->
            <step title="Copying file: &apos;Swashbuckle.AspNetCore.SwaggerUI.dll&apos;" date="2026-01-22T00:38:20.191" /><!-- duration: 0ms -->
            <step title="Copying file: &apos;System.ClientModel.dll&apos;" date="2026-01-22T00:38:20.206" /><!-- duration: 0ms -->
            <step title="Copying file: &apos;System.Configuration.ConfigurationManager.dll&apos;" date="2026-01-22T00:38:20.222" /><!-- duration: 0ms -->
            <step title="Copying file: &apos;System.Drawing.Common.dll&apos;" date="2026-01-22T00:38:20.238" /><!-- duration: 0ms -->
            <step title="Copying file: &apos;System.IdentityModel.Tokens.Jwt.dll&apos;" date="2026-01-22T00:38:20.238" /><!-- duration: 16ms -->
            <step title="Copying file: &apos;System.IO.Hashing.dll&apos;" date="2026-01-22T00:38:20.253" /><!-- duration: 0ms -->
            <step title="Copying file: &apos;System.Memory.Data.dll&apos;" date="2026-01-22T00:38:20.300" /><!-- duration: 0ms -->
            <step title="Copying file: &apos;System.Runtime.Caching.dll&apos;" date="2026-01-22T00:38:20.300" /><!-- duration: 0ms -->
            <step title="Omitting next output lines..." date="2026-01-22T00:38:20.331" /><!-- duration: 0ms -->
            <step title="Finished successfully." date="2026-01-22T00:38:20.660" /><!-- duration: 0ms -->
          </step><!-- duration: 1328ms -->
          <step title="Build completed succesfully." date="2026-01-22T00:38:20.691" /><!-- duration: 0ms -->
          <step title="Running post deployment command(s)..." date="2026-01-22T00:38:20.722" /><!-- duration: 0ms -->
          <step title="Requesting site restart" date="2026-01-22T00:38:20.849" /><!-- duration: 0ms -->
          <step title="Requesting site restart" date="2026-01-22T00:38:20.864" /><!-- duration: 0ms -->
          <step title="Requesting site restart. Attempt #1" date="2026-01-22T00:38:20.895" /><!-- duration: 0ms -->
          <step title="Requesting site restart. Attempt #1" date="2026-01-22T00:38:20.895" /><!-- duration: 16ms -->
          <step title="Successfully requested a restart. Attempt #1" date="2026-01-22T00:38:21.302" /><!-- duration: 0ms -->
          <step title="Successfully requested a restart. Attempt #1" date="2026-01-22T00:38:21.317" /><!-- duration: 0ms -->
          <step title="Deployment successful. DEPLOYMENTINFO: deploymentPath = OneDeploy, deployer = OneDeploy, os = windows, sku = Free, siteName = fomsapp-api-dev, siteHostName = fomsapp-api-dev-ehg5fxa3hneqd9cb.centralus-01.azurewebsites.net, deploymentStatus = Success" date="2026-01-22T00:38:21.333" /><!-- duration: 16ms -->
        </step><!-- duration: 2627ms -->
      </step><!-- duration: 2798ms -->
      <step title="Cleaning up temp files" date="2026-01-22T00:38:21.474" /><!-- duration: 0ms -->
      <step title="Skip function trigger and logicapp sync because function is not enabled." date="2026-01-22T00:38:21.489" /><!-- duration: 0ms -->
    </step><!-- duration: 3565ms -->
    <step title="LockFile &apos;C:\home\site\locks\deployments.lock&apos; released" date="2026-01-22T00:38:21.521" /><!-- duration: 0ms -->
    <step title="Deleting shutdown sentinel file" date="2026-01-22T00:38:21.536" SemaphoreCount="8" /><!-- duration: 0ms -->
  </step><!-- duration: 6689ms -->
  <step title="Outgoing response" date="2026-01-22T00:38:21.567" type="response" statusCode="200" statusText="OK" Server="Microsoft-IIS/10.0" x-ms-request-id="9e740247-f72a-11f0-bf9e-f4a475b53bae" Cache-Control="private" X-AspNet-Version="4.0.30319" /><!-- duration: 0ms -->
</step><!-- duration: 7049ms -->
