<step title="Incoming Request" date="2026-01-22T01:35:20.486" instance="22a7da" url="/api/publish?type=zip" method="POST" type="request" pid="2636,2,74" Cache-Control="no-cache" Content-Length="27797767" Content-Type="application/octet-stream" Accept="*/*" Accept-Encoding="gzip, deflate" Authorization="Bea..." Host="fomsapp-api-dev-ehg5fxa3hneqd9cb.scm.centralus-01.azurewebsites.net" User-Agent="AZURECLI/2.80.0 (MSI)" x-ms-client-request-id="99a844c1-f732-11f0-b4ec-f4a475b53bae" X-ARR-LOG-ID="99a844c1-f732-11f0-b4ec-f4a475b53bae" CLIENT-IP="207.193.235.121:60517" X-SITE-DEPLOYMENT-ID="fomsapp-api-dev" WAS-DEFAULT-HOSTNAME="fomsapp-api-dev-ehg5fxa3hneqd9cb.scm.centralus-01.azurewebsites.net" X-Forwarded-Proto="https" X-AppService-Proto="https" X-Forwarded-TlsVersion="1.3" X-WAWS-Unencoded-URL="/api/publish?type=zip" >
  <step title="Cleanup Xml Logs" date="2026-01-22T01:35:20.502" /><!-- duration: 0ms -->
  <step title="OneDeploy" date="2026-01-22T01:35:20.518" >
    <step title="Starting PushDeployAsync" date="2026-01-22T01:35:20.518" /><!-- duration: 0ms -->
    <step title="Updating shutdown sentinel last write time" date="2026-01-22T01:35:20.518" SemaphoreCount="7" /><!-- duration: 16ms -->
    <step title="LockFile &apos;C:\home\site\locks\deployments.lock&apos; acquired" date="2026-01-22T01:35:20.533" /><!-- duration: 0ms -->
    <step title="Saving request content to C:\local\Temp\zipdeploy\yucmr3pt.zip" date="2026-01-22T01:35:20.533" >
      <step title="Total 27,797,767 bytes written to C:\local\Temp\zipdeploy\yucmr3pt.zip" date="2026-01-22T01:35:24.861" /><!-- duration: 0ms -->
    </step><!-- duration: 4344ms -->
    <step title="LockFile &apos;C:\home\site\locks\deployments.lock&apos; released" date="2026-01-22T01:35:24.877" /><!-- duration: 0ms -->
    <step title="Deleting shutdown sentinel file" date="2026-01-22T01:35:24.893" SemaphoreCount="8" /><!-- duration: 0ms -->
    <step title="Starting FetchDeploy" date="2026-01-22T01:35:24.893" /><!-- duration: 0ms -->
    <step title="Attempting to fetch target branch HEAD" date="2026-01-22T01:35:24.893" /><!-- duration: 16ms -->
    <step title="Updating shutdown sentinel last write time" date="2026-01-22T01:35:24.908" SemaphoreCount="7" /><!-- duration: 0ms -->
    <step title="LockFile &apos;C:\home\site\locks\deployments.lock&apos; acquired" date="2026-01-22T01:35:24.908" /><!-- duration: 0ms -->
    <step title="Performing fetch based deployment" date="2026-01-22T01:35:24.924" >
      <step title="Creating temporary deployment" date="2026-01-22T01:35:24.924" /><!-- duration: 16ms -->
      <step title="Fetching changes." date="2026-01-22T01:35:24.955" /><!-- duration: 0ms -->
      <step title="Starting LocalZipHandler" date="2026-01-22T01:35:24.971" /><!-- duration: 0ms -->
      <step title="Starting LocalZipFetch" date="2026-01-22T01:35:24.971" /><!-- duration: 0ms -->
      <step title="Cleaning up temp folders from previous zip deployments and extracting pushed zip file C:\local\Temp\zipdeploy\yucmr3pt.zip (26.51 MB) to C:\local\Temp\zipdeploy\extracted" date="2026-01-22T01:35:24.986" /><!-- duration: 0ms -->
      <step title="Cleaning up temp folders from previous zip deployments and extracting pushed zip file C:\local\Temp\zipdeploy\yucmr3pt.zip (26.51 MB) to C:\local\Temp\zipdeploy\extracted" date="2026-01-22T01:35:24.986" >
        <step title="Renaming extractTargetDirectory(C:\local\Temp\zipdeploy\extracted) to tempDirectory(C:\local\Temp\zipdeploy\aulhczwe.xar)" date="2026-01-22T01:35:24.986" /><!-- duration: 0ms -->
        <step title="Extracting 144 entries to C:\local\Temp\zipdeploy\extracted directory" date="2026-01-22T01:35:25.002" >
          <step title="Extracting to C:\local\Temp\zipdeploy\extracted\publish\appsettings.Development.json ..." date="2026-01-22T01:35:25.002" /><!-- duration: 0ms -->
          <step title="Extracting to C:\local\Temp\zipdeploy\extracted\publish\appsettings.json ..." date="2026-01-22T01:35:25.018" /><!-- duration: 0ms -->
          <step title="Extracting to C:\local\Temp\zipdeploy\extracted\publish\appsettings.Production.json ..." date="2026-01-22T01:35:25.018" /><!-- duration: 0ms -->
          <step title="Extracting to C:\local\Temp\zipdeploy\extracted\publish\FOMSApp.API.deps.json ..." date="2026-01-22T01:35:25.018" /><!-- duration: 16ms -->
          <step title="Extracting to C:\local\Temp\zipdeploy\extracted\publish\FOMSApp.API.runtimeconfig.json ..." date="2026-01-22T01:35:25.033" /><!-- duration: 0ms -->
          <step title="Omitting extracting file traces ..." date="2026-01-22T01:35:25.033" /><!-- duration: 0ms -->
        </step><!-- duration: 484ms -->
      </step><!-- duration: 500ms -->
      <step title="None repository commit" date="2026-01-22T01:35:25.486" >
        <step title="Commit id: 817030681fee4fb4b9d5ab360b4092b3" date="2026-01-22T01:35:25.486" Message="OneDeploy" AuthorName="N/A" AuthorEmail="N/A" /><!-- duration: 0ms -->
      </step><!-- duration: 16ms -->
      <step title="Before sending BuildRequestReceived status to /api/updatedeploystatus" date="2026-01-22T01:35:25.502" /><!-- duration: 0ms -->
      <step title="DeploymentManager.Deploy(id:817030681fee4fb4b9d5ab360b4092b3)" date="2026-01-22T01:35:25.502" >
        <step title="Collecting changeset information" date="2026-01-22T01:35:25.518" /><!-- duration: 31ms -->
        <step title="Updating submodules" date="2026-01-22T01:35:25.549" >
          <step title="Updating submodules." date="2026-01-22T01:35:25.580" /><!-- duration: 0ms -->
        </step><!-- duration: 31ms -->
        <step title="Preparing deployment for commit id &apos;817030681f&apos;." date="2026-01-22T01:35:25.596" /><!-- duration: 0ms -->
        <step title="Determining deployment builder" date="2026-01-22T01:35:25.627" >
          <step title="Builder is OneDeployBuilder" date="2026-01-22T01:35:25.627" /><!-- duration: 0ms -->
        </step><!-- duration: 16ms -->
        <step title="Copying SSH keys" date="2026-01-22T01:35:25.643" /><!-- duration: 0ms -->
        <step title="Building" date="2026-01-22T01:35:25.658" >
          <step title="Running build. Project type: OneDeploy" date="2026-01-22T01:35:25.674" /><!-- duration: 0ms -->
          <step title="Copying the manifest" date="2026-01-22T01:35:25.705" /><!-- duration: 0ms -->
          <step title="Clean deploying to C:\home\site\wwwroot" date="2026-01-22T01:35:25.752" /><!-- duration: 0ms -->
          <step title="Generating deployment script." date="2026-01-22T01:35:25.783" /><!-- duration: 0ms -->
          <step title="Generating deployment script" date="2026-01-22T01:35:25.799" >
            <step title="Using cached version of the deployment script for command: -y --no-dot-deployment -r &quot;C:\local\Temp\zipdeploy\extracted&quot; -o &quot;C:\home\site\deployments\tools&quot; --basic --sitePath &quot;C:\local\Temp\zipdeploy\extracted&quot;" date="2026-01-22T01:35:25.799" /><!-- duration: 0ms -->
            <step title="Using cached version of deployment script (command: &apos;azure -y --no-dot-deployment -r &quot;C:\local\Temp\zipdeploy\extracted&quot; -o &quot;C:\home\site\deployments\tools&quot; --basic --sitePath &quot;C:\local\Temp\zipdeploy\extracted&quot;&apos;)." date="2026-01-22T01:35:25.830" /><!-- duration: 0ms -->
          </step><!-- duration: 47ms -->
          <step title="Running deployment command..." date="2026-01-22T01:35:25.861" /><!-- duration: 16ms -->
          <step title="Command: &quot;C:\home\site\deployments\tools\deploy.cmd&quot;" date="2026-01-22T01:35:25.877" /><!-- duration: 0ms -->
          <step title="Executing external process" date="2026-01-22T01:35:25.893" type="process" path="starter.cmd" arguments="&quot;C:\home\site\deployments\tools\deploy.cmd&quot;" >
            <step title="Handling Basic Web Site deployment." date="2026-01-22T01:35:26.018" /><!-- duration: 0ms -->
            <step title="Creating app_offline.htm" date="2026-01-22T01:35:28.424" /><!-- duration: 16ms -->
            <step title="KuduSync.NET from: &apos;C:\local\Temp\zipdeploy\extracted&apos; to: &apos;C:\home\site\wwwroot&apos;" date="2026-01-22T01:35:28.440" /><!-- duration: 0ms -->
            <step title="Copying file: &apos;FOMSApp.API.dll&apos;" date="2026-01-22T01:35:28.455" /><!-- duration: 0ms -->
            <step title="Copying file: &apos;FOMSApp.API.exe&apos;" date="2026-01-22T01:35:28.455" /><!-- duration: 0ms -->
            <step title="Copying file: &apos;FOMSApp.API.pdb&apos;" date="2026-01-22T01:35:28.471" /><!-- duration: 0ms -->
            <step title="Copying file: &apos;publish\publish\publish\publish\publish\appsettings.Production.json&apos;" date="2026-01-22T01:35:28.487" /><!-- duration: 0ms -->
            <step title="Copying file: &apos;publish\publish\publish\publish\publish\publish\publish\appsettings.Development.json&apos;" date="2026-01-22T01:35:28.487" /><!-- duration: 0ms -->
            <step title="Copying file: &apos;publish\publish\publish\publish\publish\publish\publish\appsettings.json&apos;" date="2026-01-22T01:35:28.502" /><!-- duration: 0ms -->
            <step title="Copying file: &apos;publish\publish\publish\publish\publish\publish\publish\appsettings.Production.json&apos;" date="2026-01-22T01:35:28.502" /><!-- duration: 0ms -->
            <step title="Copying file: &apos;publish\publish\publish\publish\publish\publish\publish\FOMSApp.API.deps.json&apos;" date="2026-01-22T01:35:28.518" /><!-- duration: 0ms -->
            <step title="Copying file: &apos;publish\publish\publish\publish\publish\publish\publish\FOMSApp.API.runtimeconfig.json&apos;" date="2026-01-22T01:35:28.518" /><!-- duration: 16ms -->
            <step title="Copying file: &apos;publish\publish\publish\publish\publish\publish\publish\FOMSApp.API.staticwebassets.endpoints.json&apos;" date="2026-01-22T01:35:28.533" /><!-- duration: 0ms -->
            <step title="Copying file: &apos;publish\publish\publish\publish\publish\publish\publish\web.config&apos;" date="2026-01-22T01:35:28.549" /><!-- duration: 0ms -->
            <step title="Deleting app_offline.htm" date="2026-01-22T01:35:28.549" /><!-- duration: 0ms -->
            <step title="Finished successfully." date="2026-01-22T01:35:28.565" /><!-- duration: 0ms -->
          </step><!-- duration: 2703ms -->
          <step title="Build completed succesfully." date="2026-01-22T01:35:28.627" /><!-- duration: 0ms -->
          <step title="Running post deployment command(s)..." date="2026-01-22T01:35:28.643" /><!-- duration: 0ms -->
          <step title="Requesting site restart" date="2026-01-22T01:35:28.674" /><!-- duration: 0ms -->
          <step title="Requesting site restart" date="2026-01-22T01:35:28.674" /><!-- duration: 0ms -->
          <step title="Requesting site restart. Attempt #1" date="2026-01-22T01:35:28.705" /><!-- duration: 0ms -->
          <step title="Requesting site restart. Attempt #1" date="2026-01-22T01:35:28.705" /><!-- duration: 16ms -->
          <step title="Successfully requested a restart. Attempt #1" date="2026-01-22T01:35:28.830" /><!-- duration: 0ms -->
          <step title="Successfully requested a restart. Attempt #1" date="2026-01-22T01:35:28.846" /><!-- duration: 0ms -->
          <step title="Deployment successful. DEPLOYMENTINFO: deploymentPath = OneDeploy, deployer = OneDeploy, os = windows, sku = Free, siteName = fomsapp-api-dev, siteHostName = fomsapp-api-dev-ehg5fxa3hneqd9cb.centralus-01.azurewebsites.net, deploymentStatus = Success" date="2026-01-22T01:35:28.862" /><!-- duration: 0ms -->
        </step><!-- duration: 3281ms -->
      </step><!-- duration: 3438ms -->
      <step title="Cleaning up temp files" date="2026-01-22T01:35:28.940" /><!-- duration: 0ms -->
      <step title="Skip function trigger and logicapp sync because function is not enabled." date="2026-01-22T01:35:28.940" /><!-- duration: 16ms -->
    </step><!-- duration: 4047ms -->
    <step title="LockFile &apos;C:\home\site\locks\deployments.lock&apos; released" date="2026-01-22T01:35:28.987" /><!-- duration: 0ms -->
    <step title="Deleting shutdown sentinel file" date="2026-01-22T01:35:28.987" SemaphoreCount="8" /><!-- duration: 0ms -->
  </step><!-- duration: 8469ms -->
  <step title="Outgoing response" date="2026-01-22T01:35:29.002" type="response" statusCode="200" statusText="OK" Server="Microsoft-IIS/10.0" x-ms-request-id="99a844c1-f732-11f0-b4ec-f4a475b53bae" Cache-Control="private" X-AspNet-Version="4.0.30319" /><!-- duration: 0ms -->
</step><!-- duration: 8516ms -->
