<step title="Incoming Request" date="2026-01-26T01:40:00.067" instance="22a7da" url="/api/publish?type=zip" method="POST" type="request" pid="5212,2,7" Cache-Control="no-cache" Connection="Keep-Alive" Content-Length="28181969" Content-Type="application/octet-stream" Accept="*/*" Accept-Encoding="gzip, deflate" Authorization="Bea..." Host="fomsapp-api-dev-ehg5fxa3hneqd9cb.scm.centralus-01.azurewebsites.net" User-Agent="AZURECLI/2.80.0 (MSI)" x-ms-client-request-id="e6c8209f-fa57-11f0-868f-f4a475b53bae" X-ARR-LOG-ID="e6c8209f-fa57-11f0-868f-f4a475b53bae" CLIENT-IP="207.193.235.121:58289" X-SITE-DEPLOYMENT-ID="fomsapp-api-dev" WAS-DEFAULT-HOSTNAME="fomsapp-api-dev-ehg5fxa3hneqd9cb.scm.centralus-01.azurewebsites.net" X-Forwarded-Proto="https" X-AppService-Proto="https" X-Forwarded-TlsVersion="1.3" X-WAWS-Unencoded-URL="/api/publish?type=zip" X-MS-COLDSTART="1" >
  <step title="OneDeploy" date="2026-01-26T01:40:00.692" >
    <step title="Starting PushDeployAsync" date="2026-01-26T01:40:00.723" /><!-- duration: 0ms -->
    <step title="Updating shutdown sentinel last write time" date="2026-01-26T01:40:00.786" SemaphoreCount="7" /><!-- duration: 0ms -->
    <step title="LockFile &apos;C:\home\site\locks\deployments.lock&apos; acquired" date="2026-01-26T01:40:00.786" /><!-- duration: 16ms -->
    <step title="Saving request content to C:\local\Temp\zipdeploy\cplq5z5e.zip" date="2026-01-26T01:40:00.801" >
      <step title="Total 28,181,969 bytes written to C:\local\Temp\zipdeploy\cplq5z5e.zip" date="2026-01-26T01:40:07.817" /><!-- duration: 0ms -->
    </step><!-- duration: 7016ms -->
    <step title="LockFile &apos;C:\home\site\locks\deployments.lock&apos; released" date="2026-01-26T01:40:07.833" /><!-- duration: 0ms -->
    <step title="Deleting shutdown sentinel file" date="2026-01-26T01:40:07.848" SemaphoreCount="8" /><!-- duration: 0ms -->
    <step title="Starting FetchDeploy" date="2026-01-26T01:40:07.864" /><!-- duration: 0ms -->
    <step title="Attempting to fetch target branch HEAD" date="2026-01-26T01:40:07.880" /><!-- duration: 0ms -->
    <step title="Updating shutdown sentinel last write time" date="2026-01-26T01:40:07.895" SemaphoreCount="7" /><!-- duration: 0ms -->
    <step title="LockFile &apos;C:\home\site\locks\deployments.lock&apos; acquired" date="2026-01-26T01:40:07.895" /><!-- duration: 16ms -->
    <step title="Performing fetch based deployment" date="2026-01-26T01:40:07.911" >
      <step title="Creating temporary deployment" date="2026-01-26T01:40:07.911" /><!-- duration: 156ms -->
      <step title="Fetching changes." date="2026-01-26T01:40:08.130" /><!-- duration: 0ms -->
      <step title="Starting LocalZipHandler" date="2026-01-26T01:40:08.145" /><!-- duration: 0ms -->
      <step title="Starting LocalZipFetch" date="2026-01-26T01:40:08.145" /><!-- duration: 0ms -->
      <step title="Cleaning up temp folders from previous zip deployments and extracting pushed zip file C:\local\Temp\zipdeploy\cplq5z5e.zip (26.88 MB) to C:\local\Temp\zipdeploy\extracted" date="2026-01-26T01:40:08.161" /><!-- duration: 0ms -->
      <step title="Cleaning up temp folders from previous zip deployments and extracting pushed zip file C:\local\Temp\zipdeploy\cplq5z5e.zip (26.88 MB) to C:\local\Temp\zipdeploy\extracted" date="2026-01-26T01:40:08.177" >
        <step title="Extracting 165 entries to C:\local\Temp\zipdeploy\extracted directory" date="2026-01-26T01:40:08.192" >
          <step title="Extracting to C:\local\Temp\zipdeploy\extracted\publish\appsettings.Development.json ..." date="2026-01-26T01:40:08.208" /><!-- duration: 16ms -->
          <step title="Extracting to C:\local\Temp\zipdeploy\extracted\publish\appsettings.json ..." date="2026-01-26T01:40:08.223" /><!-- duration: 0ms -->
          <step title="Extracting to C:\local\Temp\zipdeploy\extracted\publish\appsettings.Production.json ..." date="2026-01-26T01:40:08.239" /><!-- duration: 0ms -->
          <step title="Extracting to C:\local\Temp\zipdeploy\extracted\publish\FOMSApp.API.deps.json ..." date="2026-01-26T01:40:08.239" /><!-- duration: 0ms -->
          <step title="Extracting to C:\local\Temp\zipdeploy\extracted\publish\FOMSApp.API.runtimeconfig.json ..." date="2026-01-26T01:40:08.255" /><!-- duration: 16ms -->
          <step title="Omitting extracting file traces ..." date="2026-01-26T01:40:08.270" /><!-- duration: 0ms -->
        </step><!-- duration: 563ms -->
      </step><!-- duration: 578ms -->
      <step title="None repository commit" date="2026-01-26T01:40:08.770" >
        <step title="Commit id: 440f35072898435398c0162297ddaf45" date="2026-01-26T01:40:08.770" Message="OneDeploy" AuthorName="N/A" AuthorEmail="N/A" /><!-- duration: 0ms -->
      </step><!-- duration: 16ms -->
      <step title="Before sending BuildRequestReceived status to /api/updatedeploystatus" date="2026-01-26T01:40:08.786" /><!-- duration: 0ms -->
      <step title="DeploymentManager.Deploy(id:440f35072898435398c0162297ddaf45)" date="2026-01-26T01:40:08.802" >
        <step title="Collecting changeset information" date="2026-01-26T01:40:08.802" /><!-- duration: 47ms -->
        <step title="Updating submodules" date="2026-01-26T01:40:08.848" >
          <step title="Updating submodules." date="2026-01-26T01:40:08.895" /><!-- duration: 0ms -->
        </step><!-- duration: 47ms -->
        <step title="Preparing deployment for commit id &apos;440f350728&apos;." date="2026-01-26T01:40:08.942" /><!-- duration: 0ms -->
        <step title="Determining deployment builder" date="2026-01-26T01:40:08.989" >
          <step title="Builder is OneDeployBuilder" date="2026-01-26T01:40:09.005" /><!-- duration: 0ms -->
        </step><!-- duration: 16ms -->
        <step title="Copying SSH keys" date="2026-01-26T01:40:09.036" /><!-- duration: 0ms -->
        <step title="Building" date="2026-01-26T01:40:09.052" >
          <step title="Running build. Project type: OneDeploy" date="2026-01-26T01:40:09.083" /><!-- duration: 16ms -->
          <step title="Copying the manifest" date="2026-01-26T01:40:09.145" /><!-- duration: 0ms -->
          <step title="Clean deploying to C:\home\site\wwwroot" date="2026-01-26T01:40:09.255" /><!-- duration: 0ms -->
          <step title="Generating deployment script." date="2026-01-26T01:40:09.302" /><!-- duration: 0ms -->
          <step title="Generating deployment script" date="2026-01-26T01:40:09.317" >
            <step title="Using cached version of the deployment script for command: -y --no-dot-deployment -r &quot;C:\local\Temp\zipdeploy\extracted&quot; -o &quot;C:\home\site\deployments\tools&quot; --basic --sitePath &quot;C:\local\Temp\zipdeploy\extracted&quot;" date="2026-01-26T01:40:09.368" /><!-- duration: 16ms -->
            <step title="Using cached version of deployment script (command: &apos;azure -y --no-dot-deployment -r &quot;C:\local\Temp\zipdeploy\extracted&quot; -o &quot;C:\home\site\deployments\tools&quot; --basic --sitePath &quot;C:\local\Temp\zipdeploy\extracted&quot;&apos;)." date="2026-01-26T01:40:09.399" /><!-- duration: 0ms -->
          </step><!-- duration: 113ms -->
          <step title="Running deployment command..." date="2026-01-26T01:40:09.477" /><!-- duration: 0ms -->
          <step title="Command: &quot;C:\home\site\deployments\tools\deploy.cmd&quot;" date="2026-01-26T01:40:09.493" /><!-- duration: 0ms -->
          <step title="Executing external process" date="2026-01-26T01:40:09.509" type="process" path="starter.cmd" arguments="&quot;C:\home\site\deployments\tools\deploy.cmd&quot;" >
            <step title="Handling Basic Web Site deployment." date="2026-01-26T01:40:09.759" /><!-- duration: 0ms -->
            <step title="Creating app_offline.htm" date="2026-01-26T01:40:10.118" /><!-- duration: 0ms -->
            <step title="KuduSync.NET from: &apos;C:\local\Temp\zipdeploy\extracted&apos; to: &apos;C:\home\site\wwwroot&apos;" date="2026-01-26T01:40:10.134" /><!-- duration: 16ms -->
            <step title="Copying file: &apos;appsettings.json&apos;" date="2026-01-26T01:40:10.149" /><!-- duration: 0ms -->
            <step title="Copying file: &apos;Azure.Security.KeyVault.Certificates.dll&apos;" date="2026-01-26T01:40:10.165" /><!-- duration: 16ms -->
            <step title="Copying file: &apos;Azure.Security.KeyVault.Secrets.dll&apos;" date="2026-01-26T01:40:10.181" /><!-- duration: 16ms -->
            <step title="Copying file: &apos;FOMSApp.API.deps.json&apos;" date="2026-01-26T01:40:10.196" /><!-- duration: 16ms -->
            <step title="Copying file: &apos;FOMSApp.API.dll&apos;" date="2026-01-26T01:40:10.212" /><!-- duration: 16ms -->
            <step title="Copying file: &apos;FOMSApp.API.exe&apos;" date="2026-01-26T01:40:10.227" /><!-- duration: 0ms -->
            <step title="Copying file: &apos;FOMSApp.API.pdb&apos;" date="2026-01-26T01:40:10.243" /><!-- duration: 0ms -->
            <step title="Copying file: &apos;FOMSApp.API.runtimeconfig.json&apos;" date="2026-01-26T01:40:10.259" /><!-- duration: 16ms -->
            <step title="Copying file: &apos;FOMSApp.Shared.dll&apos;" date="2026-01-26T01:40:10.274" /><!-- duration: 16ms -->
            <step title="Copying file: &apos;FOMSApp.Shared.pdb&apos;" date="2026-01-26T01:40:10.305" /><!-- duration: 0ms -->
            <step title="Copying file: &apos;Microsoft.AspNetCore.Authentication.JwtBearer.dll&apos;" date="2026-01-26T01:40:10.321" /><!-- duration: 16ms -->
            <step title="Copying file: &apos;Microsoft.AspNetCore.Authentication.OpenIdConnect.dll&apos;" date="2026-01-26T01:40:10.352" /><!-- duration: 0ms -->
            <step title="Copying file: &apos;Microsoft.Bcl.TimeProvider.dll&apos;" date="2026-01-26T01:40:10.368" /><!-- duration: 0ms -->
            <step title="Copying file: &apos;Microsoft.Identity.Abstractions.dll&apos;" date="2026-01-26T01:40:10.384" /><!-- duration: 0ms -->
            <step title="Copying file: &apos;Microsoft.Identity.Client.dll&apos;" date="2026-01-26T01:40:10.399" /><!-- duration: 16ms -->
            <step title="Copying file: &apos;Microsoft.Identity.Web.Certificate.dll&apos;" date="2026-01-26T01:40:10.430" /><!-- duration: 0ms -->
            <step title="Copying file: &apos;Microsoft.Identity.Web.Certificateless.dll&apos;" date="2026-01-26T01:40:10.430" /><!-- duration: 16ms -->
            <step title="Copying file: &apos;Microsoft.Identity.Web.Diagnostics.dll&apos;" date="2026-01-26T01:40:10.446" /><!-- duration: 16ms -->
            <step title="Copying file: &apos;Microsoft.Identity.Web.dll&apos;" date="2026-01-26T01:40:10.462" /><!-- duration: 16ms -->
            <step title="Copying file: &apos;Microsoft.Identity.Web.TokenAcquisition.dll&apos;" date="2026-01-26T01:40:10.493" /><!-- duration: 0ms -->
            <step title="Copying file: &apos;Microsoft.Identity.Web.TokenCache.dll&apos;" date="2026-01-26T01:40:10.509" /><!-- duration: 0ms -->
            <step title="Copying file: &apos;Microsoft.IdentityModel.Abstractions.dll&apos;" date="2026-01-26T01:40:10.524" /><!-- duration: 16ms -->
            <step title="Copying file: &apos;Microsoft.IdentityModel.JsonWebTokens.dll&apos;" date="2026-01-26T01:40:10.555" /><!-- duration: 0ms -->
            <step title="Copying file: &apos;Microsoft.IdentityModel.Logging.dll&apos;" date="2026-01-26T01:40:10.571" /><!-- duration: 0ms -->
            <step title="Copying file: &apos;Microsoft.IdentityModel.LoggingExtensions.dll&apos;" date="2026-01-26T01:40:10.587" /><!-- duration: 16ms -->
            <step title="Copying file: &apos;Microsoft.IdentityModel.Protocols.dll&apos;" date="2026-01-26T01:40:10.618" /><!-- duration: 0ms -->
            <step title="Copying file: &apos;Microsoft.IdentityModel.Protocols.OpenIdConnect.dll&apos;" date="2026-01-26T01:40:10.634" /><!-- duration: 0ms -->
            <step title="Copying file: &apos;Microsoft.IdentityModel.Tokens.dll&apos;" date="2026-01-26T01:40:10.649" /><!-- duration: 0ms -->
            <step title="Copying file: &apos;Microsoft.IdentityModel.Validators.dll&apos;" date="2026-01-26T01:40:10.665" /><!-- duration: 0ms -->
            <step title="Copying file: &apos;System.IdentityModel.Tokens.Jwt.dll&apos;" date="2026-01-26T01:40:10.680" /><!-- duration: 16ms -->
            <step title="Copying file: &apos;publish\publish\publish\publish\publish\publish\appsettings.Production.json&apos;" date="2026-01-26T01:40:10.712" /><!-- duration: 0ms -->
            <step title="Copying file: &apos;publish\publish\publish\publish\publish\publish\publish\publish\appsettings.Development.json&apos;" date="2026-01-26T01:40:10.727" /><!-- duration: 0ms -->
            <step title="Copying file: &apos;publish\publish\publish\publish\publish\publish\publish\publish\appsettings.json&apos;" date="2026-01-26T01:40:10.743" /><!-- duration: 16ms -->
            <step title="Copying file: &apos;publish\publish\publish\publish\publish\publish\publish\publish\appsettings.Production.json&apos;" date="2026-01-26T01:40:10.759" /><!-- duration: 16ms -->
            <step title="Copying file: &apos;publish\publish\publish\publish\publish\publish\publish\publish\FOMSApp.API.deps.json&apos;" date="2026-01-26T01:40:10.774" /><!-- duration: 16ms -->
            <step title="Copying file: &apos;publish\publish\publish\publish\publish\publish\publish\publish\FOMSApp.API.runtimeconfig.json&apos;" date="2026-01-26T01:40:10.806" /><!-- duration: 16ms -->
            <step title="Copying file: &apos;publish\publish\publish\publish\publish\publish\publish\publish\FOMSApp.API.staticwebassets.endpoints.json&apos;" date="2026-01-26T01:40:10.837" /><!-- duration: 0ms -->
            <step title="Copying file: &apos;publish\publish\publish\publish\publish\publish\publish\publish\web.config&apos;" date="2026-01-26T01:40:10.852" /><!-- duration: 16ms -->
            <step title="Deleting app_offline.htm" date="2026-01-26T01:40:10.884" /><!-- duration: 0ms -->
            <step title="Finished successfully." date="2026-01-26T01:40:10.899" /><!-- duration: 0ms -->
          </step><!-- duration: 1407ms -->
          <step title="Build completed succesfully." date="2026-01-26T01:40:10.978" /><!-- duration: 0ms -->
          <step title="Running post deployment command(s)..." date="2026-01-26T01:40:11.042" /><!-- duration: 16ms -->
          <step title="Requesting site restart" date="2026-01-26T01:40:11.120" /><!-- duration: 0ms -->
          <step title="Requesting site restart" date="2026-01-26T01:40:11.120" /><!-- duration: 16ms -->
          <step title="Requesting site restart. Attempt #1" date="2026-01-26T01:40:11.182" /><!-- duration: 0ms -->
          <step title="Requesting site restart. Attempt #1" date="2026-01-26T01:40:11.198" /><!-- duration: 0ms -->
          <step title="Successfully requested a restart. Attempt #1" date="2026-01-26T01:40:11.604" /><!-- duration: 0ms -->
          <step title="Successfully requested a restart. Attempt #1" date="2026-01-26T01:40:11.620" /><!-- duration: 0ms -->
          <step title="Deployment successful. DEPLOYMENTINFO: deploymentPath = OneDeploy, deployer = OneDeploy, os = windows, sku = Free, siteName = fomsapp-api-dev, siteHostName = fomsapp-api-dev-ehg5fxa3hneqd9cb.centralus-01.azurewebsites.net, deploymentStatus = Success" date="2026-01-26T01:40:11.667" /><!-- duration: 16ms -->
        </step><!-- duration: 3006ms -->
      </step><!-- duration: 3256ms -->
      <step title="Cleaning up temp files" date="2026-01-26T01:40:12.073" /><!-- duration: 0ms -->
      <step title="Skip function trigger and logicapp sync because function is not enabled." date="2026-01-26T01:40:12.120" /><!-- duration: 0ms -->
    </step><!-- duration: 4271ms -->
    <step title="LockFile &apos;C:\home\site\locks\deployments.lock&apos; released" date="2026-01-26T01:40:12.198" /><!-- duration: 0ms -->
    <step title="Deleting shutdown sentinel file" date="2026-01-26T01:40:12.213" SemaphoreCount="8" /><!-- duration: 0ms -->
  </step><!-- duration: 11522ms -->
  <step title="Outgoing response" date="2026-01-26T01:40:12.260" type="response" statusCode="200" statusText="OK" Server="Microsoft-IIS/10.0" x-ms-request-id="e6c8209f-fa57-11f0-868f-f4a475b53bae" Cache-Control="private" X-AspNet-Version="4.0.30319" /><!-- duration: 0ms -->
</step><!-- duration: 12193ms -->
