<step title="Incoming Request" date="2026-01-22T01:10:43.245" instance="22a7da" url="/api/publish?type=zip" method="POST" type="request" pid="2636,2,22" Cache-Control="no-cache" Content-Length="27763551" Content-Type="application/octet-stream" Accept="*/*" Accept-Encoding="gzip, deflate" Authorization="Bea..." Host="fomsapp-api-dev-ehg5fxa3hneqd9cb.scm.centralus-01.azurewebsites.net" User-Agent="AZURECLI/2.80.0 (MSI)" x-ms-client-request-id="299202a2-f72f-11f0-b573-f4a475b53bae" X-ARR-LOG-ID="299202a2-f72f-11f0-b573-f4a475b53bae" CLIENT-IP="207.193.235.121:54649" X-SITE-DEPLOYMENT-ID="fomsapp-api-dev" WAS-DEFAULT-HOSTNAME="fomsapp-api-dev-ehg5fxa3hneqd9cb.scm.centralus-01.azurewebsites.net" X-Forwarded-Proto="https" X-AppService-Proto="https" X-Forwarded-TlsVersion="1.3" X-WAWS-Unencoded-URL="/api/publish?type=zip" >
  <step title="Cleanup Xml Logs" date="2026-01-22T01:10:43.261" /><!-- duration: 0ms -->
  <step title="OneDeploy" date="2026-01-22T01:10:43.261" >
    <step title="Starting PushDeployAsync" date="2026-01-22T01:10:43.276" /><!-- duration: 0ms -->
    <step title="Updating shutdown sentinel last write time" date="2026-01-22T01:10:43.292" SemaphoreCount="7" /><!-- duration: 0ms -->
    <step title="LockFile &apos;C:\home\site\locks\deployments.lock&apos; acquired" date="2026-01-22T01:10:43.292" /><!-- duration: 0ms -->
    <step title="Saving request content to C:\local\Temp\zipdeploy\wuij3inh.zip" date="2026-01-22T01:10:43.292" >
      <step title="Total 27,763,551 bytes written to C:\local\Temp\zipdeploy\wuij3inh.zip" date="2026-01-22T01:10:47.877" /><!-- duration: 0ms -->
    </step><!-- duration: 4586ms -->
    <step title="LockFile &apos;C:\home\site\locks\deployments.lock&apos; released" date="2026-01-22T01:10:47.893" /><!-- duration: 0ms -->
    <step title="Deleting shutdown sentinel file" date="2026-01-22T01:10:47.909" SemaphoreCount="8" /><!-- duration: 0ms -->
    <step title="Starting FetchDeploy" date="2026-01-22T01:10:47.909" /><!-- duration: 0ms -->
    <step title="Attempting to fetch target branch HEAD" date="2026-01-22T01:10:47.909" /><!-- duration: 16ms -->
    <step title="Updating shutdown sentinel last write time" date="2026-01-22T01:10:47.924" SemaphoreCount="7" /><!-- duration: 0ms -->
    <step title="LockFile &apos;C:\home\site\locks\deployments.lock&apos; acquired" date="2026-01-22T01:10:47.940" /><!-- duration: 0ms -->
    <step title="Performing fetch based deployment" date="2026-01-22T01:10:47.940" >
      <step title="Creating temporary deployment" date="2026-01-22T01:10:47.940" /><!-- duration: 16ms -->
      <step title="Fetching changes." date="2026-01-22T01:10:47.987" /><!-- duration: 16ms -->
      <step title="Starting LocalZipHandler" date="2026-01-22T01:10:48.002" /><!-- duration: 0ms -->
      <step title="Starting LocalZipFetch" date="2026-01-22T01:10:48.002" /><!-- duration: 0ms -->
      <step title="Cleaning up temp folders from previous zip deployments and extracting pushed zip file C:\local\Temp\zipdeploy\wuij3inh.zip (26.48 MB) to C:\local\Temp\zipdeploy\extracted" date="2026-01-22T01:10:48.018" /><!-- duration: 0ms -->
      <step title="Cleaning up temp folders from previous zip deployments and extracting pushed zip file C:\local\Temp\zipdeploy\wuij3inh.zip (26.48 MB) to C:\local\Temp\zipdeploy\extracted" date="2026-01-22T01:10:48.018" >
        <step title="Renaming extractTargetDirectory(C:\local\Temp\zipdeploy\extracted) to tempDirectory(C:\local\Temp\zipdeploy\0izgsjpy.abm)" date="2026-01-22T01:10:48.018" /><!-- duration: 16ms -->
        <step title="Extracting 130 entries to C:\local\Temp\zipdeploy\extracted directory" date="2026-01-22T01:10:48.034" >
          <step title="Extracting to C:\local\Temp\zipdeploy\extracted\publish\appsettings.Development.json ..." date="2026-01-22T01:10:48.034" /><!-- duration: 0ms -->
          <step title="Extracting to C:\local\Temp\zipdeploy\extracted\publish\appsettings.json ..." date="2026-01-22T01:10:48.034" /><!-- duration: 16ms -->
          <step title="Extracting to C:\local\Temp\zipdeploy\extracted\publish\appsettings.Production.json ..." date="2026-01-22T01:10:48.049" /><!-- duration: 0ms -->
          <step title="Extracting to C:\local\Temp\zipdeploy\extracted\publish\FOMSApp.API.deps.json ..." date="2026-01-22T01:10:48.049" /><!-- duration: 16ms -->
          <step title="Extracting to C:\local\Temp\zipdeploy\extracted\publish\FOMSApp.API.runtimeconfig.json ..." date="2026-01-22T01:10:48.065" /><!-- duration: 0ms -->
          <step title="Omitting extracting file traces ..." date="2026-01-22T01:10:48.081" /><!-- duration: 0ms -->
        </step><!-- duration: 484ms -->
      </step><!-- duration: 500ms -->
      <step title="None repository commit" date="2026-01-22T01:10:48.518" >
        <step title="Commit id: 958c43937b404e38837b2ab6ca7878e4" date="2026-01-22T01:10:48.518" Message="OneDeploy" AuthorName="N/A" AuthorEmail="N/A" /><!-- duration: 0ms -->
      </step><!-- duration: 16ms -->
      <step title="Before sending BuildRequestReceived status to /api/updatedeploystatus" date="2026-01-22T01:10:48.534" /><!-- duration: 0ms -->
      <step title="DeploymentManager.Deploy(id:958c43937b404e38837b2ab6ca7878e4)" date="2026-01-22T01:10:48.534" >
        <step title="Collecting changeset information" date="2026-01-22T01:10:48.596" /><!-- duration: 31ms -->
        <step title="Updating submodules" date="2026-01-22T01:10:48.627" >
          <step title="Updating submodules." date="2026-01-22T01:10:48.674" /><!-- duration: 0ms -->
        </step><!-- duration: 47ms -->
        <step title="Preparing deployment for commit id &apos;958c43937b&apos;." date="2026-01-22T01:10:48.706" /><!-- duration: 0ms -->
        <step title="Determining deployment builder" date="2026-01-22T01:10:48.737" >
          <step title="Builder is OneDeployBuilder" date="2026-01-22T01:10:48.737" /><!-- duration: 0ms -->
        </step><!-- duration: 0ms -->
        <step title="Copying SSH keys" date="2026-01-22T01:10:48.752" /><!-- duration: 0ms -->
        <step title="Building" date="2026-01-22T01:10:48.752" >
          <step title="Running build. Project type: OneDeploy" date="2026-01-22T01:10:48.784" /><!-- duration: 0ms -->
          <step title="Copying the manifest" date="2026-01-22T01:10:48.831" /><!-- duration: 0ms -->
          <step title="Clean deploying to C:\home\site\wwwroot" date="2026-01-22T01:10:48.877" /><!-- duration: 0ms -->
          <step title="Generating deployment script." date="2026-01-22T01:10:48.909" /><!-- duration: 0ms -->
          <step title="Generating deployment script" date="2026-01-22T01:10:48.924" >
            <step title="Using cached version of the deployment script for command: -y --no-dot-deployment -r &quot;C:\local\Temp\zipdeploy\extracted&quot; -o &quot;C:\home\site\deployments\tools&quot; --basic --sitePath &quot;C:\local\Temp\zipdeploy\extracted&quot;" date="2026-01-22T01:10:48.940" /><!-- duration: 0ms -->
            <step title="Using cached version of deployment script (command: &apos;azure -y --no-dot-deployment -r &quot;C:\local\Temp\zipdeploy\extracted&quot; -o &quot;C:\home\site\deployments\tools&quot; --basic --sitePath &quot;C:\local\Temp\zipdeploy\extracted&quot;&apos;)." date="2026-01-22T01:10:48.956" /><!-- duration: 16ms -->
          </step><!-- duration: 63ms -->
          <step title="Running deployment command..." date="2026-01-22T01:10:49.034" /><!-- duration: 0ms -->
          <step title="Command: &quot;C:\home\site\deployments\tools\deploy.cmd&quot;" date="2026-01-22T01:10:49.034" /><!-- duration: 0ms -->
          <step title="Executing external process" date="2026-01-22T01:10:49.049" type="process" path="starter.cmd" arguments="&quot;C:\home\site\deployments\tools\deploy.cmd&quot;" >
            <step title="Handling Basic Web Site deployment." date="2026-01-22T01:10:49.206" /><!-- duration: 16ms -->
            <step title="Creating app_offline.htm" date="2026-01-22T01:10:51.940" /><!-- duration: 0ms -->
            <step title="KuduSync.NET from: &apos;C:\local\Temp\zipdeploy\extracted&apos; to: &apos;C:\home\site\wwwroot&apos;" date="2026-01-22T01:10:51.940" /><!-- duration: 16ms -->
            <step title="Copying file: &apos;api-logs.zip&apos;" date="2026-01-22T01:10:51.956" /><!-- duration: 0ms -->
            <step title="Copying file: &apos;FOMSApp.API.dll&apos;" date="2026-01-22T01:10:51.971" /><!-- duration: 0ms -->
            <step title="Copying file: &apos;FOMSApp.API.exe&apos;" date="2026-01-22T01:10:51.971" /><!-- duration: 0ms -->
            <step title="Copying file: &apos;FOMSApp.API.pdb&apos;" date="2026-01-22T01:10:51.987" /><!-- duration: 0ms -->
            <step title="Copying file: &apos;publish\publish\publish\appsettings.Production.json&apos;" date="2026-01-22T01:10:52.003" /><!-- duration: 0ms -->
            <step title="Copying file: &apos;publish\publish\publish\publish\publish\appsettings.Development.json&apos;" date="2026-01-22T01:10:52.003" /><!-- duration: 16ms -->
            <step title="Copying file: &apos;publish\publish\publish\publish\publish\appsettings.json&apos;" date="2026-01-22T01:10:52.018" /><!-- duration: 0ms -->
            <step title="Copying file: &apos;publish\publish\publish\publish\publish\appsettings.Production.json&apos;" date="2026-01-22T01:10:52.034" /><!-- duration: 0ms -->
            <step title="Copying file: &apos;publish\publish\publish\publish\publish\FOMSApp.API.deps.json&apos;" date="2026-01-22T01:10:52.034" /><!-- duration: 16ms -->
            <step title="Copying file: &apos;publish\publish\publish\publish\publish\FOMSApp.API.runtimeconfig.json&apos;" date="2026-01-22T01:10:52.049" /><!-- duration: 16ms -->
            <step title="Copying file: &apos;publish\publish\publish\publish\publish\FOMSApp.API.staticwebassets.endpoints.json&apos;" date="2026-01-22T01:10:52.065" /><!-- duration: 0ms -->
            <step title="Copying file: &apos;publish\publish\publish\publish\publish\web.config&apos;" date="2026-01-22T01:10:52.096" /><!-- duration: 0ms -->
            <step title="Deleting app_offline.htm" date="2026-01-22T01:10:52.112" /><!-- duration: 0ms -->
            <step title="Finished successfully." date="2026-01-22T01:10:52.128" /><!-- duration: 0ms -->
          </step><!-- duration: 3078ms -->
          <step title="Build completed succesfully." date="2026-01-22T01:10:52.143" /><!-- duration: 16ms -->
          <step title="Running post deployment command(s)..." date="2026-01-22T01:10:52.174" /><!-- duration: 0ms -->
          <step title="Requesting site restart" date="2026-01-22T01:10:52.206" /><!-- duration: 0ms -->
          <step title="Requesting site restart" date="2026-01-22T01:10:52.222" /><!-- duration: 0ms -->
          <step title="Requesting site restart. Attempt #1" date="2026-01-22T01:10:52.315" /><!-- duration: 16ms -->
          <step title="Requesting site restart. Attempt #1" date="2026-01-22T01:10:52.331" /><!-- duration: 0ms -->
          <step title="Successfully requested a restart. Attempt #1" date="2026-01-22T01:10:52.472" /><!-- duration: 16ms -->
          <step title="Successfully requested a restart. Attempt #1" date="2026-01-22T01:10:52.503" /><!-- duration: 0ms -->
          <step title="Deployment successful. DEPLOYMENTINFO: deploymentPath = OneDeploy, deployer = OneDeploy, os = windows, sku = Free, siteName = fomsapp-api-dev, siteHostName = fomsapp-api-dev-ehg5fxa3hneqd9cb.centralus-01.azurewebsites.net, deploymentStatus = Success" date="2026-01-22T01:10:52.550" /><!-- duration: 0ms -->
        </step><!-- duration: 3860ms -->
      </step><!-- duration: 4094ms -->
      <step title="Cleaning up temp files" date="2026-01-22T01:10:52.628" /><!-- duration: 0ms -->
      <step title="Skip function trigger and logicapp sync because function is not enabled." date="2026-01-22T01:10:52.628" /><!-- duration: 16ms -->
    </step><!-- duration: 4719ms -->
    <step title="LockFile &apos;C:\home\site\locks\deployments.lock&apos; released" date="2026-01-22T01:10:52.675" /><!-- duration: 0ms -->
    <step title="Deleting shutdown sentinel file" date="2026-01-22T01:10:52.690" SemaphoreCount="8" /><!-- duration: 0ms -->
  </step><!-- duration: 9430ms -->
  <step title="Outgoing response" date="2026-01-22T01:10:52.690" type="response" statusCode="200" statusText="OK" Server="Microsoft-IIS/10.0" x-ms-request-id="299202a2-f72f-11f0-b573-f4a475b53bae" Cache-Control="private" X-AspNet-Version="4.0.30319" /><!-- duration: 16ms -->
</step><!-- duration: 9461ms -->
