<step title="Incoming Request" date="2026-01-22T01:05:36.492" instance="22a7da" url="/api/publish?type=zip" method="POST" type="request" pid="2636,2,43" Cache-Control="no-cache" Content-Length="27701867" Content-Type="application/octet-stream" Accept="*/*" Accept-Encoding="gzip, deflate" Authorization="Bea..." Host="fomsapp-api-dev-ehg5fxa3hneqd9cb.scm.centralus-01.azurewebsites.net" User-Agent="AZURECLI/2.80.0 (MSI)" x-ms-client-request-id="72999374-f72e-11f0-8d55-f4a475b53bae" X-ARR-LOG-ID="72999374-f72e-11f0-8d55-f4a475b53bae" CLIENT-IP="207.193.235.121:56815" X-SITE-DEPLOYMENT-ID="fomsapp-api-dev" WAS-DEFAULT-HOSTNAME="fomsapp-api-dev-ehg5fxa3hneqd9cb.scm.centralus-01.azurewebsites.net" X-Forwarded-Proto="https" X-AppService-Proto="https" X-Forwarded-TlsVersion="1.3" X-WAWS-Unencoded-URL="/api/publish?type=zip" >
  <step title="Cleanup Xml Logs" date="2026-01-22T01:05:36.492" /><!-- duration: 0ms -->
  <step title="OneDeploy" date="2026-01-22T01:05:36.508" >
    <step title="Starting PushDeployAsync" date="2026-01-22T01:05:36.508" /><!-- duration: 0ms -->
    <step title="Updating shutdown sentinel last write time" date="2026-01-22T01:05:36.508" SemaphoreCount="7" /><!-- duration: 16ms -->
    <step title="LockFile &apos;C:\home\site\locks\deployments.lock&apos; acquired" date="2026-01-22T01:05:36.523" /><!-- duration: 16ms -->
    <step title="Saving request content to C:\local\Temp\zipdeploy\qz3obbhh.zip" date="2026-01-22T01:05:36.539" >
      <step title="Total 27,701,867 bytes written to C:\local\Temp\zipdeploy\qz3obbhh.zip" date="2026-01-22T01:05:40.555" /><!-- duration: 0ms -->
    </step><!-- duration: 4032ms -->
    <step title="LockFile &apos;C:\home\site\locks\deployments.lock&apos; released" date="2026-01-22T01:05:40.571" /><!-- duration: 0ms -->
    <step title="Deleting shutdown sentinel file" date="2026-01-22T01:05:40.571" SemaphoreCount="8" /><!-- duration: 16ms -->
    <step title="Starting FetchDeploy" date="2026-01-22T01:05:40.586" /><!-- duration: 16ms -->
    <step title="Attempting to fetch target branch HEAD" date="2026-01-22T01:05:40.602" /><!-- duration: 0ms -->
    <step title="Updating shutdown sentinel last write time" date="2026-01-22T01:05:40.602" SemaphoreCount="7" /><!-- duration: 16ms -->
    <step title="LockFile &apos;C:\home\site\locks\deployments.lock&apos; acquired" date="2026-01-22T01:05:40.618" /><!-- duration: 0ms -->
    <step title="Performing fetch based deployment" date="2026-01-22T01:05:40.618" >
      <step title="Creating temporary deployment" date="2026-01-22T01:05:40.633" /><!-- duration: 31ms -->
      <step title="Fetching changes." date="2026-01-22T01:05:40.680" /><!-- duration: 0ms -->
      <step title="Starting LocalZipHandler" date="2026-01-22T01:05:40.696" /><!-- duration: 0ms -->
      <step title="Starting LocalZipFetch" date="2026-01-22T01:05:40.696" /><!-- duration: 0ms -->
      <step title="Cleaning up temp folders from previous zip deployments and extracting pushed zip file C:\local\Temp\zipdeploy\qz3obbhh.zip (26.42 MB) to C:\local\Temp\zipdeploy\extracted" date="2026-01-22T01:05:40.696" /><!-- duration: 16ms -->
      <step title="Cleaning up temp folders from previous zip deployments and extracting pushed zip file C:\local\Temp\zipdeploy\qz3obbhh.zip (26.42 MB) to C:\local\Temp\zipdeploy\extracted" date="2026-01-22T01:05:40.711" >
        <step title="Renaming extractTargetDirectory(C:\local\Temp\zipdeploy\extracted) to tempDirectory(C:\local\Temp\zipdeploy\4i0zw52e.3x2)" date="2026-01-22T01:05:40.711" /><!-- duration: 0ms -->
        <step title="Extracting 122 entries to C:\local\Temp\zipdeploy\extracted directory" date="2026-01-22T01:05:40.727" >
          <step title="Extracting to C:\local\Temp\zipdeploy\extracted\publish\appsettings.Development.json ..." date="2026-01-22T01:05:40.727" /><!-- duration: 0ms -->
          <step title="Extracting to C:\local\Temp\zipdeploy\extracted\publish\appsettings.json ..." date="2026-01-22T01:05:40.743" /><!-- duration: 0ms -->
          <step title="Extracting to C:\local\Temp\zipdeploy\extracted\publish\appsettings.Production.json ..." date="2026-01-22T01:05:40.743" /><!-- duration: 0ms -->
          <step title="Extracting to C:\local\Temp\zipdeploy\extracted\publish\FOMSApp.API.deps.json ..." date="2026-01-22T01:05:40.743" /><!-- duration: 16ms -->
          <step title="Extracting to C:\local\Temp\zipdeploy\extracted\publish\FOMSApp.API.runtimeconfig.json ..." date="2026-01-22T01:05:40.758" /><!-- duration: 0ms -->
          <step title="Omitting extracting file traces ..." date="2026-01-22T01:05:40.758" /><!-- duration: 16ms -->
        </step><!-- duration: 484ms -->
      </step><!-- duration: 500ms -->
      <step title="None repository commit" date="2026-01-22T01:05:41.211" >
        <step title="Commit id: 4b33e6b8b42448988a02bd6f3b5089eb" date="2026-01-22T01:05:41.211" Message="OneDeploy" AuthorName="N/A" AuthorEmail="N/A" /><!-- duration: 16ms -->
      </step><!-- duration: 16ms -->
      <step title="Before sending BuildRequestReceived status to /api/updatedeploystatus" date="2026-01-22T01:05:41.227" /><!-- duration: 0ms -->
      <step title="DeploymentManager.Deploy(id:4b33e6b8b42448988a02bd6f3b5089eb)" date="2026-01-22T01:05:41.227" >
        <step title="Collecting changeset information" date="2026-01-22T01:05:41.227" /><!-- duration: 47ms -->
        <step title="Updating submodules" date="2026-01-22T01:05:41.274" >
          <step title="Updating submodules." date="2026-01-22T01:05:41.305" /><!-- duration: 0ms -->
        </step><!-- duration: 47ms -->
        <step title="Preparing deployment for commit id &apos;4b33e6b8b4&apos;." date="2026-01-22T01:05:41.336" /><!-- duration: 0ms -->
        <step title="Determining deployment builder" date="2026-01-22T01:05:41.368" >
          <step title="Builder is OneDeployBuilder" date="2026-01-22T01:05:41.368" /><!-- duration: 0ms -->
        </step><!-- duration: 16ms -->
        <step title="Copying SSH keys" date="2026-01-22T01:05:41.399" /><!-- duration: 0ms -->
        <step title="Building" date="2026-01-22T01:05:41.399" >
          <step title="Running build. Project type: OneDeploy" date="2026-01-22T01:05:41.414" /><!-- duration: 0ms -->
          <step title="Copying the manifest" date="2026-01-22T01:05:41.446" /><!-- duration: 0ms -->
          <step title="Clean deploying to C:\home\site\wwwroot" date="2026-01-22T01:05:41.493" /><!-- duration: 16ms -->
          <step title="Generating deployment script." date="2026-01-22T01:05:41.539" /><!-- duration: 0ms -->
          <step title="Generating deployment script" date="2026-01-22T01:05:41.555" >
            <step title="Using cached version of the deployment script for command: -y --no-dot-deployment -r &quot;C:\local\Temp\zipdeploy\extracted&quot; -o &quot;C:\home\site\deployments\tools&quot; --basic --sitePath &quot;C:\local\Temp\zipdeploy\extracted&quot;" date="2026-01-22T01:05:41.555" /><!-- duration: 47ms -->
            <step title="Using cached version of deployment script (command: &apos;azure -y --no-dot-deployment -r &quot;C:\local\Temp\zipdeploy\extracted&quot; -o &quot;C:\home\site\deployments\tools&quot; --basic --sitePath &quot;C:\local\Temp\zipdeploy\extracted&quot;&apos;)." date="2026-01-22T01:05:41.618" /><!-- duration: 0ms -->
          </step><!-- duration: 78ms -->
          <step title="Running deployment command..." date="2026-01-22T01:05:41.664" /><!-- duration: 0ms -->
          <step title="Command: &quot;C:\home\site\deployments\tools\deploy.cmd&quot;" date="2026-01-22T01:05:41.680" /><!-- duration: 0ms -->
          <step title="Executing external process" date="2026-01-22T01:05:41.696" type="process" path="starter.cmd" arguments="&quot;C:\home\site\deployments\tools\deploy.cmd&quot;" >
            <step title="Handling Basic Web Site deployment." date="2026-01-22T01:05:41.821" /><!-- duration: 17ms -->
            <step title="Creating app_offline.htm" date="2026-01-22T01:05:44.368" /><!-- duration: 0ms -->
            <step title="KuduSync.NET from: &apos;C:\local\Temp\zipdeploy\extracted&apos; to: &apos;C:\home\site\wwwroot&apos;" date="2026-01-22T01:05:44.384" /><!-- duration: 0ms -->
            <step title="Copying file: &apos;FOMSApp.API.dll&apos;" date="2026-01-22T01:05:44.384" /><!-- duration: 16ms -->
            <step title="Copying file: &apos;FOMSApp.API.exe&apos;" date="2026-01-22T01:05:44.400" /><!-- duration: 0ms -->
            <step title="Copying file: &apos;FOMSApp.API.pdb&apos;" date="2026-01-22T01:05:44.415" /><!-- duration: 0ms -->
            <step title="Copying file: &apos;publish\publish\appsettings.Production.json&apos;" date="2026-01-22T01:05:44.415" /><!-- duration: 0ms -->
            <step title="Copying file: &apos;publish\publish\publish\publish\appsettings.Development.json&apos;" date="2026-01-22T01:05:44.431" /><!-- duration: 0ms -->
            <step title="Copying file: &apos;publish\publish\publish\publish\appsettings.json&apos;" date="2026-01-22T01:05:44.431" /><!-- duration: 0ms -->
            <step title="Copying file: &apos;publish\publish\publish\publish\appsettings.Production.json&apos;" date="2026-01-22T01:05:44.446" /><!-- duration: 0ms -->
            <step title="Copying file: &apos;publish\publish\publish\publish\FOMSApp.API.deps.json&apos;" date="2026-01-22T01:05:44.462" /><!-- duration: 0ms -->
            <step title="Copying file: &apos;publish\publish\publish\publish\FOMSApp.API.runtimeconfig.json&apos;" date="2026-01-22T01:05:44.478" /><!-- duration: 0ms -->
            <step title="Copying file: &apos;publish\publish\publish\publish\FOMSApp.API.staticwebassets.endpoints.json&apos;" date="2026-01-22T01:05:44.493" /><!-- duration: 0ms -->
            <step title="Copying file: &apos;publish\publish\publish\publish\web.config&apos;" date="2026-01-22T01:05:44.493" /><!-- duration: 16ms -->
            <step title="Deleting app_offline.htm" date="2026-01-22T01:05:44.509" /><!-- duration: 0ms -->
            <step title="Finished successfully." date="2026-01-22T01:05:44.525" /><!-- duration: 0ms -->
          </step><!-- duration: 2829ms -->
          <step title="Build completed succesfully." date="2026-01-22T01:05:44.556" /><!-- duration: 0ms -->
          <step title="Running post deployment command(s)..." date="2026-01-22T01:05:44.571" /><!-- duration: 16ms -->
          <step title="Requesting site restart" date="2026-01-22T01:05:44.603" /><!-- duration: 16ms -->
          <step title="Requesting site restart" date="2026-01-22T01:05:44.618" /><!-- duration: 0ms -->
          <step title="Requesting site restart. Attempt #1" date="2026-01-22T01:05:44.650" /><!-- duration: 0ms -->
          <step title="Requesting site restart. Attempt #1" date="2026-01-22T01:05:44.650" /><!-- duration: 0ms -->
          <step title="Successfully requested a restart. Attempt #1" date="2026-01-22T01:05:44.775" /><!-- duration: 0ms -->
          <step title="Successfully requested a restart. Attempt #1" date="2026-01-22T01:05:44.790" /><!-- duration: 0ms -->
          <step title="Deployment successful. DEPLOYMENTINFO: deploymentPath = OneDeploy, deployer = OneDeploy, os = windows, sku = Free, siteName = fomsapp-api-dev, siteHostName = fomsapp-api-dev-ehg5fxa3hneqd9cb.centralus-01.azurewebsites.net, deploymentStatus = Success" date="2026-01-22T01:05:44.821" /><!-- duration: 0ms -->
        </step><!-- duration: 3485ms -->
      </step><!-- duration: 3657ms -->
      <step title="Cleaning up temp files" date="2026-01-22T01:05:44.884" /><!-- duration: 16ms -->
      <step title="Skip function trigger and logicapp sync because function is not enabled." date="2026-01-22T01:05:44.900" /><!-- duration: 0ms -->
    </step><!-- duration: 4298ms -->
    <step title="LockFile &apos;C:\home\site\locks\deployments.lock&apos; released" date="2026-01-22T01:05:44.931" /><!-- duration: 0ms -->
    <step title="Deleting shutdown sentinel file" date="2026-01-22T01:05:44.931" SemaphoreCount="8" /><!-- duration: 0ms -->
  </step><!-- duration: 8423ms -->
  <step title="Outgoing response" date="2026-01-22T01:05:44.946" type="response" statusCode="200" statusText="OK" Server="Microsoft-IIS/10.0" x-ms-request-id="72999374-f72e-11f0-8d55-f4a475b53bae" Cache-Control="private" X-AspNet-Version="4.0.30319" /><!-- duration: 0ms -->
</step><!-- duration: 8454ms -->
