<step title="Incoming Request" date="2026-01-26T07:31:31.764" instance="22a7da" url="/api/publish?type=zip" method="POST" type="request" pid="8724,2,7" Cache-Control="no-cache" Connection="Keep-Alive" Content-Length="28202163" Content-Type="application/octet-stream" Accept="*/*" Accept-Encoding="gzip, deflate" Authorization="Bea..." Host="fomsapp-api-dev-ehg5fxa3hneqd9cb.scm.centralus-01.azurewebsites.net" User-Agent="AZURECLI/2.80.0 (MSI)" x-ms-client-request-id="03a733e3-fa89-11f0-b0cc-f4a475b53bae" X-ARR-LOG-ID="03a733e3-fa89-11f0-b0cc-f4a475b53bae" CLIENT-IP="207.193.235.121:51635" X-SITE-DEPLOYMENT-ID="fomsapp-api-dev" WAS-DEFAULT-HOSTNAME="fomsapp-api-dev-ehg5fxa3hneqd9cb.scm.centralus-01.azurewebsites.net" X-Forwarded-Proto="https" X-AppService-Proto="https" X-Forwarded-TlsVersion="1.3" X-WAWS-Unencoded-URL="/api/publish?type=zip" X-MS-COLDSTART="1" >
  <step title="OneDeploy" date="2026-01-26T07:31:32.373" >
    <step title="Starting PushDeployAsync" date="2026-01-26T07:31:32.404" /><!-- duration: 16ms -->
    <step title="Updating shutdown sentinel last write time" date="2026-01-26T07:31:32.482" SemaphoreCount="7" /><!-- duration: 0ms -->
    <step title="LockFile &apos;C:\home\site\locks\deployments.lock&apos; acquired" date="2026-01-26T07:31:32.482" /><!-- duration: 0ms -->
    <step title="Saving request content to C:\local\Temp\zipdeploy\a350l0ai.zip" date="2026-01-26T07:31:32.498" >
      <step title="Total 28,202,163 bytes written to C:\local\Temp\zipdeploy\a350l0ai.zip" date="2026-01-26T07:31:36.172" /><!-- duration: 16ms -->
    </step><!-- duration: 3689ms -->
    <step title="LockFile &apos;C:\home\site\locks\deployments.lock&apos; released" date="2026-01-26T07:31:36.203" /><!-- duration: 0ms -->
    <step title="Deleting shutdown sentinel file" date="2026-01-26T07:31:36.218" SemaphoreCount="8" /><!-- duration: 0ms -->
    <step title="Starting FetchDeploy" date="2026-01-26T07:31:36.234" /><!-- duration: 0ms -->
    <step title="Attempting to fetch target branch HEAD" date="2026-01-26T07:31:36.234" /><!-- duration: 0ms -->
    <step title="Updating shutdown sentinel last write time" date="2026-01-26T07:31:36.250" SemaphoreCount="7" /><!-- duration: 16ms -->
    <step title="LockFile &apos;C:\home\site\locks\deployments.lock&apos; acquired" date="2026-01-26T07:31:36.265" /><!-- duration: 16ms -->
    <step title="Performing fetch based deployment" date="2026-01-26T07:31:36.281" >
      <step title="Creating temporary deployment" date="2026-01-26T07:31:36.297" /><!-- duration: 78ms -->
      <step title="Fetching changes." date="2026-01-26T07:31:36.437" /><!-- duration: 0ms -->
      <step title="Starting LocalZipHandler" date="2026-01-26T07:31:36.453" /><!-- duration: 0ms -->
      <step title="Starting LocalZipFetch" date="2026-01-26T07:31:36.468" /><!-- duration: 0ms -->
      <step title="Cleaning up temp folders from previous zip deployments and extracting pushed zip file C:\local\Temp\zipdeploy\a350l0ai.zip (26.90 MB) to C:\local\Temp\zipdeploy\extracted" date="2026-01-26T07:31:36.468" /><!-- duration: 16ms -->
      <step title="Cleaning up temp folders from previous zip deployments and extracting pushed zip file C:\local\Temp\zipdeploy\a350l0ai.zip (26.90 MB) to C:\local\Temp\zipdeploy\extracted" date="2026-01-26T07:31:36.484" >
        <step title="Extracting 172 entries to C:\local\Temp\zipdeploy\extracted directory" date="2026-01-26T07:31:36.515" >
          <step title="Extracting to C:\local\Temp\zipdeploy\extracted\publish\appsettings.Development.json ..." date="2026-01-26T07:31:36.515" /><!-- duration: 16ms -->
          <step title="Extracting to C:\local\Temp\zipdeploy\extracted\publish\appsettings.json ..." date="2026-01-26T07:31:36.531" /><!-- duration: 0ms -->
          <step title="Extracting to C:\local\Temp\zipdeploy\extracted\publish\appsettings.Production.json ..." date="2026-01-26T07:31:36.547" /><!-- duration: 0ms -->
          <step title="Extracting to C:\local\Temp\zipdeploy\extracted\publish\FOMSApp.API.deps.json ..." date="2026-01-26T07:31:36.547" /><!-- duration: 31ms -->
          <step title="Extracting to C:\local\Temp\zipdeploy\extracted\publish\FOMSApp.API.runtimeconfig.json ..." date="2026-01-26T07:31:36.578" /><!-- duration: 16ms -->
          <step title="Omitting extracting file traces ..." date="2026-01-26T07:31:36.593" /><!-- duration: 0ms -->
        </step><!-- duration: 563ms -->
      </step><!-- duration: 594ms -->
      <step title="None repository commit" date="2026-01-26T07:31:37.093" >
        <step title="Commit id: 5654174aa4ea45f3936ef64f0bf67a82" date="2026-01-26T07:31:37.093" Message="OneDeploy" AuthorName="N/A" AuthorEmail="N/A" /><!-- duration: 16ms -->
      </step><!-- duration: 16ms -->
      <step title="Before sending BuildRequestReceived status to /api/updatedeploystatus" date="2026-01-26T07:31:37.109" /><!-- duration: 0ms -->
      <step title="DeploymentManager.Deploy(id:5654174aa4ea45f3936ef64f0bf67a82)" date="2026-01-26T07:31:37.125" >
        <step title="Collecting changeset information" date="2026-01-26T07:31:37.140" /><!-- duration: 47ms -->
        <step title="Updating submodules" date="2026-01-26T07:31:37.187" >
          <step title="Updating submodules." date="2026-01-26T07:31:37.234" /><!-- duration: 16ms -->
        </step><!-- duration: 63ms -->
        <step title="Preparing deployment for commit id &apos;5654174aa4&apos;." date="2026-01-26T07:31:37.328" /><!-- duration: 0ms -->
        <step title="Determining deployment builder" date="2026-01-26T07:31:37.375" >
          <step title="Builder is OneDeployBuilder" date="2026-01-26T07:31:37.375" /><!-- duration: 16ms -->
        </step><!-- duration: 16ms -->
        <step title="Copying SSH keys" date="2026-01-26T07:31:37.406" /><!-- duration: 16ms -->
        <step title="Building" date="2026-01-26T07:31:37.422" >
          <step title="Running build. Project type: OneDeploy" date="2026-01-26T07:31:37.500" /><!-- duration: 16ms -->
          <step title="Copying the manifest" date="2026-01-26T07:31:37.562" /><!-- duration: 0ms -->
          <step title="Clean deploying to C:\home\site\wwwroot" date="2026-01-26T07:31:37.640" /><!-- duration: 16ms -->
          <step title="Generating deployment script." date="2026-01-26T07:31:37.687" /><!-- duration: 16ms -->
          <step title="Generating deployment script" date="2026-01-26T07:31:37.718" >
            <step title="Using cached version of the deployment script for command: -y --no-dot-deployment -r &quot;C:\local\Temp\zipdeploy\extracted&quot; -o &quot;C:\home\site\deployments\tools&quot; --basic --sitePath &quot;C:\local\Temp\zipdeploy\extracted&quot;" date="2026-01-26T07:31:37.765" /><!-- duration: 0ms -->
            <step title="Using cached version of deployment script (command: &apos;azure -y --no-dot-deployment -r &quot;C:\local\Temp\zipdeploy\extracted&quot; -o &quot;C:\home\site\deployments\tools&quot; --basic --sitePath &quot;C:\local\Temp\zipdeploy\extracted&quot;&apos;)." date="2026-01-26T07:31:37.781" /><!-- duration: 16ms -->
          </step><!-- duration: 125ms -->
          <step title="Running deployment command..." date="2026-01-26T07:31:37.875" /><!-- duration: 0ms -->
          <step title="Command: &quot;C:\home\site\deployments\tools\deploy.cmd&quot;" date="2026-01-26T07:31:37.890" /><!-- duration: 0ms -->
          <step title="Executing external process" date="2026-01-26T07:31:37.922" type="process" path="starter.cmd" arguments="&quot;C:\home\site\deployments\tools\deploy.cmd&quot;" >
            <step title="Handling Basic Web Site deployment." date="2026-01-26T07:31:38.078" /><!-- duration: 16ms -->
            <step title="Creating app_offline.htm" date="2026-01-26T07:31:38.468" /><!-- duration: 0ms -->
            <step title="KuduSync.NET from: &apos;C:\local\Temp\zipdeploy\extracted&apos; to: &apos;C:\home\site\wwwroot&apos;" date="2026-01-26T07:31:38.484" /><!-- duration: 0ms -->
            <step title="Copying file: &apos;FOMSApp.API.dll&apos;" date="2026-01-26T07:31:38.500" /><!-- duration: 0ms -->
            <step title="Copying file: &apos;FOMSApp.API.exe&apos;" date="2026-01-26T07:31:38.515" /><!-- duration: 0ms -->
            <step title="Copying file: &apos;FOMSApp.API.pdb&apos;" date="2026-01-26T07:31:38.531" /><!-- duration: 0ms -->
            <step title="Copying file: &apos;FOMSApp.Shared.dll&apos;" date="2026-01-26T07:31:38.547" /><!-- duration: 0ms -->
            <step title="Copying file: &apos;FOMSApp.Shared.pdb&apos;" date="2026-01-26T07:31:38.562" /><!-- duration: 0ms -->
            <step title="Copying file: &apos;publish\appsettings.json&apos;" date="2026-01-26T07:31:38.578" /><!-- duration: 0ms -->
            <step title="Copying file: &apos;publish\FOMSApp.API.deps.json&apos;" date="2026-01-26T07:31:38.593" /><!-- duration: 0ms -->
            <step title="Copying file: &apos;publish\FOMSApp.API.runtimeconfig.json&apos;" date="2026-01-26T07:31:38.609" /><!-- duration: 16ms -->
            <step title="Copying file: &apos;publish\publish\publish\publish\publish\publish\publish\appsettings.Production.json&apos;" date="2026-01-26T07:31:38.625" /><!-- duration: 16ms -->
            <step title="Copying file: &apos;publish\publish\publish\publish\publish\publish\publish\publish\publish\appsettings.Development.json&apos;" date="2026-01-26T07:31:38.640" /><!-- duration: 16ms -->
            <step title="Copying file: &apos;publish\publish\publish\publish\publish\publish\publish\publish\publish\appsettings.json&apos;" date="2026-01-26T07:31:38.656" /><!-- duration: 16ms -->
            <step title="Copying file: &apos;publish\publish\publish\publish\publish\publish\publish\publish\publish\appsettings.Production.json&apos;" date="2026-01-26T07:31:38.688" /><!-- duration: 0ms -->
            <step title="Copying file: &apos;publish\publish\publish\publish\publish\publish\publish\publish\publish\FOMSApp.API.deps.json&apos;" date="2026-01-26T07:31:38.703" /><!-- duration: 0ms -->
            <step title="Copying file: &apos;publish\publish\publish\publish\publish\publish\publish\publish\publish\FOMSApp.API.runtimeconfig.json&apos;" date="2026-01-26T07:31:40.703" /><!-- duration: 0ms -->
            <step title="Copying file: &apos;publish\publish\publish\publish\publish\publish\publish\publish\publish\FOMSApp.API.staticwebassets.endpoints.json&apos;" date="2026-01-26T07:31:40.719" /><!-- duration: 0ms -->
            <step title="Copying file: &apos;publish\publish\publish\publish\publish\publish\publish\publish\publish\web.config&apos;" date="2026-01-26T07:31:40.735" /><!-- duration: 0ms -->
            <step title="Deleting app_offline.htm" date="2026-01-26T07:31:40.750" /><!-- duration: 16ms -->
            <step title="Finished successfully." date="2026-01-26T07:31:40.766" /><!-- duration: 16ms -->
          </step><!-- duration: 2860ms -->
          <step title="Build completed succesfully." date="2026-01-26T07:31:40.828" /><!-- duration: 0ms -->
          <step title="Running post deployment command(s)..." date="2026-01-26T07:31:40.875" /><!-- duration: 0ms -->
          <step title="Requesting site restart" date="2026-01-26T07:31:40.938" /><!-- duration: 0ms -->
          <step title="Requesting site restart" date="2026-01-26T07:31:40.953" /><!-- duration: 0ms -->
          <step title="Requesting site restart. Attempt #1" date="2026-01-26T07:31:41.000" /><!-- duration: 0ms -->
          <step title="Requesting site restart. Attempt #1" date="2026-01-26T07:31:41.016" /><!-- duration: 0ms -->
          <step title="Successfully requested a restart. Attempt #1" date="2026-01-26T07:31:41.391" /><!-- duration: 16ms -->
          <step title="Successfully requested a restart. Attempt #1" date="2026-01-26T07:31:41.406" /><!-- duration: 16ms -->
          <step title="Deployment successful. DEPLOYMENTINFO: deploymentPath = OneDeploy, deployer = OneDeploy, os = windows, sku = Free, siteName = fomsapp-api-dev, siteHostName = fomsapp-api-dev-ehg5fxa3hneqd9cb.centralus-01.azurewebsites.net, deploymentStatus = Success" date="2026-01-26T07:31:41.469" /><!-- duration: 0ms -->
        </step><!-- duration: 4250ms -->
      </step><!-- duration: 4547ms -->
      <step title="Cleaning up temp files" date="2026-01-26T07:31:41.672" /><!-- duration: 16ms -->
      <step title="Skip function trigger and logicapp sync because function is not enabled." date="2026-01-26T07:31:41.703" /><!-- duration: 0ms -->
    </step><!-- duration: 5469ms -->
    <step title="LockFile &apos;C:\home\site\locks\deployments.lock&apos; released" date="2026-01-26T07:31:41.750" /><!-- duration: 16ms -->
    <step title="Deleting shutdown sentinel file" date="2026-01-26T07:31:41.766" SemaphoreCount="8" /><!-- duration: 0ms -->
  </step><!-- duration: 9408ms -->
  <step title="Outgoing response" date="2026-01-26T07:31:41.813" type="response" statusCode="200" statusText="OK" Server="Microsoft-IIS/10.0" x-ms-request-id="03a733e3-fa89-11f0-b0cc-f4a475b53bae" Cache-Control="private" X-AspNet-Version="4.0.30319" /><!-- duration: 0ms -->
</step><!-- duration: 10049ms -->
