<step title="Incoming Request" date="2026-01-22T01:28:21.332" instance="22a7da" url="/api/publish?type=zip" method="POST" type="request" pid="2636,2,68" Cache-Control="no-cache" Content-Length="27780299" Content-Type="application/octet-stream" Accept="*/*" Accept-Encoding="gzip, deflate" Authorization="Bea..." Host="fomsapp-api-dev-ehg5fxa3hneqd9cb.scm.centralus-01.azurewebsites.net" User-Agent="AZURECLI/2.80.0 (MSI)" x-ms-client-request-id="9ef4e457-f731-11f0-a5b2-f4a475b53bae" X-ARR-LOG-ID="9ef4e457-f731-11f0-a5b2-f4a475b53bae" CLIENT-IP="207.193.235.121:58864" X-SITE-DEPLOYMENT-ID="fomsapp-api-dev" WAS-DEFAULT-HOSTNAME="fomsapp-api-dev-ehg5fxa3hneqd9cb.scm.centralus-01.azurewebsites.net" X-Forwarded-Proto="https" X-AppService-Proto="https" X-Forwarded-TlsVersion="1.3" X-WAWS-Unencoded-URL="/api/publish?type=zip" >
  <step title="Cleanup Xml Logs" date="2026-01-22T01:28:21.332" /><!-- duration: 0ms -->
  <step title="OneDeploy" date="2026-01-22T01:28:21.347" >
    <step title="Starting PushDeployAsync" date="2026-01-22T01:28:21.363" /><!-- duration: 0ms -->
    <step title="Updating shutdown sentinel last write time" date="2026-01-22T01:28:21.363" SemaphoreCount="7" /><!-- duration: 0ms -->
    <step title="LockFile &apos;C:\home\site\locks\deployments.lock&apos; acquired" date="2026-01-22T01:28:21.379" /><!-- duration: 0ms -->
    <step title="Saving request content to C:\local\Temp\zipdeploy\lv4xapiy.zip" date="2026-01-22T01:28:21.379" >
      <step title="Total 27,780,299 bytes written to C:\local\Temp\zipdeploy\lv4xapiy.zip" date="2026-01-22T01:28:25.614" /><!-- duration: 16ms -->
    </step><!-- duration: 4251ms -->
    <step title="LockFile &apos;C:\home\site\locks\deployments.lock&apos; released" date="2026-01-22T01:28:25.630" /><!-- duration: 0ms -->
    <step title="Deleting shutdown sentinel file" date="2026-01-22T01:28:25.630" SemaphoreCount="8" /><!-- duration: 16ms -->
    <step title="Starting FetchDeploy" date="2026-01-22T01:28:25.646" /><!-- duration: 0ms -->
    <step title="Attempting to fetch target branch HEAD" date="2026-01-22T01:28:25.646" /><!-- duration: 0ms -->
    <step title="Updating shutdown sentinel last write time" date="2026-01-22T01:28:25.661" SemaphoreCount="7" /><!-- duration: 0ms -->
    <step title="LockFile &apos;C:\home\site\locks\deployments.lock&apos; acquired" date="2026-01-22T01:28:25.661" /><!-- duration: 0ms -->
    <step title="Performing fetch based deployment" date="2026-01-22T01:28:25.661" >
      <step title="Creating temporary deployment" date="2026-01-22T01:28:25.661" /><!-- duration: 31ms -->
      <step title="Fetching changes." date="2026-01-22T01:28:25.708" /><!-- duration: 0ms -->
      <step title="Starting LocalZipHandler" date="2026-01-22T01:28:25.724" /><!-- duration: 0ms -->
      <step title="Starting LocalZipFetch" date="2026-01-22T01:28:25.724" /><!-- duration: 0ms -->
      <step title="Cleaning up temp folders from previous zip deployments and extracting pushed zip file C:\local\Temp\zipdeploy\lv4xapiy.zip (26.49 MB) to C:\local\Temp\zipdeploy\extracted" date="2026-01-22T01:28:25.739" /><!-- duration: 0ms -->
      <step title="Cleaning up temp folders from previous zip deployments and extracting pushed zip file C:\local\Temp\zipdeploy\lv4xapiy.zip (26.49 MB) to C:\local\Temp\zipdeploy\extracted" date="2026-01-22T01:28:25.739" >
        <step title="Renaming extractTargetDirectory(C:\local\Temp\zipdeploy\extracted) to tempDirectory(C:\local\Temp\zipdeploy\ycuvbcz2.yrd)" date="2026-01-22T01:28:25.739" /><!-- duration: 0ms -->
        <step title="Extracting 137 entries to C:\local\Temp\zipdeploy\extracted directory" date="2026-01-22T01:28:25.755" >
          <step title="Extracting to C:\local\Temp\zipdeploy\extracted\publish\appsettings.Development.json ..." date="2026-01-22T01:28:25.755" /><!-- duration: 0ms -->
          <step title="Extracting to C:\local\Temp\zipdeploy\extracted\publish\appsettings.json ..." date="2026-01-22T01:28:25.755" /><!-- duration: 0ms -->
          <step title="Extracting to C:\local\Temp\zipdeploy\extracted\publish\appsettings.Production.json ..." date="2026-01-22T01:28:25.771" /><!-- duration: 0ms -->
          <step title="Extracting to C:\local\Temp\zipdeploy\extracted\publish\FOMSApp.API.deps.json ..." date="2026-01-22T01:28:25.771" /><!-- duration: 16ms -->
          <step title="Extracting to C:\local\Temp\zipdeploy\extracted\publish\FOMSApp.API.runtimeconfig.json ..." date="2026-01-22T01:28:25.786" /><!-- duration: 0ms -->
          <step title="Omitting extracting file traces ..." date="2026-01-22T01:28:25.802" /><!-- duration: 0ms -->
        </step><!-- duration: 469ms -->
      </step><!-- duration: 484ms -->
      <step title="None repository commit" date="2026-01-22T01:28:26.239" >
        <step title="Commit id: 434077eb44c148d78004847b438785c6" date="2026-01-22T01:28:26.239" Message="OneDeploy" AuthorName="N/A" AuthorEmail="N/A" /><!-- duration: 0ms -->
      </step><!-- duration: 0ms -->
      <step title="Before sending BuildRequestReceived status to /api/updatedeploystatus" date="2026-01-22T01:28:26.239" /><!-- duration: 16ms -->
      <step title="DeploymentManager.Deploy(id:434077eb44c148d78004847b438785c6)" date="2026-01-22T01:28:26.255" >
        <step title="Collecting changeset information" date="2026-01-22T01:28:26.255" /><!-- duration: 16ms -->
        <step title="Updating submodules" date="2026-01-22T01:28:26.286" >
          <step title="Updating submodules." date="2026-01-22T01:28:26.302" /><!-- duration: 0ms -->
        </step><!-- duration: 31ms -->
        <step title="Preparing deployment for commit id &apos;434077eb44&apos;." date="2026-01-22T01:28:26.333" /><!-- duration: 0ms -->
        <step title="Determining deployment builder" date="2026-01-22T01:28:26.364" >
          <step title="Builder is OneDeployBuilder" date="2026-01-22T01:28:26.364" /><!-- duration: 0ms -->
        </step><!-- duration: 0ms -->
        <step title="Copying SSH keys" date="2026-01-22T01:28:26.380" /><!-- duration: 0ms -->
        <step title="Building" date="2026-01-22T01:28:26.396" >
          <step title="Running build. Project type: OneDeploy" date="2026-01-22T01:28:26.411" /><!-- duration: 0ms -->
          <step title="Copying the manifest" date="2026-01-22T01:28:26.442" /><!-- duration: 0ms -->
          <step title="Clean deploying to C:\home\site\wwwroot" date="2026-01-22T01:28:26.474" /><!-- duration: 16ms -->
          <step title="Generating deployment script." date="2026-01-22T01:28:26.536" /><!-- duration: 0ms -->
          <step title="Generating deployment script" date="2026-01-22T01:28:26.536" >
            <step title="Using cached version of the deployment script for command: -y --no-dot-deployment -r &quot;C:\local\Temp\zipdeploy\extracted&quot; -o &quot;C:\home\site\deployments\tools&quot; --basic --sitePath &quot;C:\local\Temp\zipdeploy\extracted&quot;" date="2026-01-22T01:28:26.552" /><!-- duration: 0ms -->
            <step title="Using cached version of deployment script (command: &apos;azure -y --no-dot-deployment -r &quot;C:\local\Temp\zipdeploy\extracted&quot; -o &quot;C:\home\site\deployments\tools&quot; --basic --sitePath &quot;C:\local\Temp\zipdeploy\extracted&quot;&apos;)." date="2026-01-22T01:28:26.583" /><!-- duration: 0ms -->
          </step><!-- duration: 62ms -->
          <step title="Running deployment command..." date="2026-01-22T01:28:26.630" /><!-- duration: 16ms -->
          <step title="Command: &quot;C:\home\site\deployments\tools\deploy.cmd&quot;" date="2026-01-22T01:28:26.646" /><!-- duration: 0ms -->
          <step title="Executing external process" date="2026-01-22T01:28:26.661" type="process" path="starter.cmd" arguments="&quot;C:\home\site\deployments\tools\deploy.cmd&quot;" >
            <step title="Handling Basic Web Site deployment." date="2026-01-22T01:28:26.786" /><!-- duration: 16ms -->
            <step title="Creating app_offline.htm" date="2026-01-22T01:28:29.193" /><!-- duration: 16ms -->
            <step title="KuduSync.NET from: &apos;C:\local\Temp\zipdeploy\extracted&apos; to: &apos;C:\home\site\wwwroot&apos;" date="2026-01-22T01:28:29.224" /><!-- duration: 0ms -->
            <step title="Copying file: &apos;FOMSApp.API.dll&apos;" date="2026-01-22T01:28:29.224" /><!-- duration: 16ms -->
            <step title="Copying file: &apos;FOMSApp.API.exe&apos;" date="2026-01-22T01:28:29.239" /><!-- duration: 0ms -->
            <step title="Copying file: &apos;FOMSApp.API.pdb&apos;" date="2026-01-22T01:28:29.255" /><!-- duration: 0ms -->
            <step title="Copying file: &apos;publish\publish\publish\publish\appsettings.Production.json&apos;" date="2026-01-22T01:28:29.255" /><!-- duration: 0ms -->
            <step title="Copying file: &apos;publish\publish\publish\publish\publish\publish\appsettings.Development.json&apos;" date="2026-01-22T01:28:29.271" /><!-- duration: 0ms -->
            <step title="Copying file: &apos;publish\publish\publish\publish\publish\publish\appsettings.json&apos;" date="2026-01-22T01:28:29.286" /><!-- duration: 0ms -->
            <step title="Copying file: &apos;publish\publish\publish\publish\publish\publish\appsettings.Production.json&apos;" date="2026-01-22T01:28:29.286" /><!-- duration: 0ms -->
            <step title="Copying file: &apos;publish\publish\publish\publish\publish\publish\FOMSApp.API.deps.json&apos;" date="2026-01-22T01:28:29.302" /><!-- duration: 0ms -->
            <step title="Copying file: &apos;publish\publish\publish\publish\publish\publish\FOMSApp.API.runtimeconfig.json&apos;" date="2026-01-22T01:28:29.318" /><!-- duration: 0ms -->
            <step title="Copying file: &apos;publish\publish\publish\publish\publish\publish\FOMSApp.API.staticwebassets.endpoints.json&apos;" date="2026-01-22T01:28:29.318" /><!-- duration: 0ms -->
            <step title="Copying file: &apos;publish\publish\publish\publish\publish\publish\web.config&apos;" date="2026-01-22T01:28:29.333" /><!-- duration: 0ms -->
            <step title="Deleting app_offline.htm" date="2026-01-22T01:28:29.333" /><!-- duration: 16ms -->
            <step title="Finished successfully." date="2026-01-22T01:28:29.349" /><!-- duration: 0ms -->
          </step><!-- duration: 2688ms -->
          <step title="Build completed succesfully." date="2026-01-22T01:28:29.396" /><!-- duration: 0ms -->
          <step title="Running post deployment command(s)..." date="2026-01-22T01:28:29.427" /><!-- duration: 0ms -->
          <step title="Requesting site restart" date="2026-01-22T01:28:29.443" /><!-- duration: 0ms -->
          <step title="Requesting site restart" date="2026-01-22T01:28:29.458" /><!-- duration: 0ms -->
          <step title="Requesting site restart. Attempt #1" date="2026-01-22T01:28:29.474" /><!-- duration: 16ms -->
          <step title="Requesting site restart. Attempt #1" date="2026-01-22T01:28:29.489" /><!-- duration: 0ms -->
          <step title="Successfully requested a restart. Attempt #1" date="2026-01-22T01:28:29.599" /><!-- duration: 0ms -->
          <step title="Successfully requested a restart. Attempt #1" date="2026-01-22T01:28:29.599" /><!-- duration: 0ms -->
          <step title="Deployment successful. DEPLOYMENTINFO: deploymentPath = OneDeploy, deployer = OneDeploy, os = windows, sku = Free, siteName = fomsapp-api-dev, siteHostName = fomsapp-api-dev-ehg5fxa3hneqd9cb.centralus-01.azurewebsites.net, deploymentStatus = Success" date="2026-01-22T01:28:29.630" /><!-- duration: 0ms -->
        </step><!-- duration: 3297ms -->
      </step><!-- duration: 3453ms -->
      <step title="Cleaning up temp files" date="2026-01-22T01:28:29.708" /><!-- duration: 0ms -->
      <step title="Skip function trigger and logicapp sync because function is not enabled." date="2026-01-22T01:28:29.708" /><!-- duration: 16ms -->
    </step><!-- duration: 4078ms -->
    <step title="LockFile &apos;C:\home\site\locks\deployments.lock&apos; released" date="2026-01-22T01:28:29.739" /><!-- duration: 0ms -->
    <step title="Deleting shutdown sentinel file" date="2026-01-22T01:28:29.755" SemaphoreCount="8" /><!-- duration: 0ms -->
  </step><!-- duration: 8408ms -->
  <step title="Outgoing response" date="2026-01-22T01:28:29.755" type="response" statusCode="200" statusText="OK" Server="Microsoft-IIS/10.0" x-ms-request-id="9ef4e457-f731-11f0-a5b2-f4a475b53bae" Cache-Control="private" X-AspNet-Version="4.0.30319" /><!-- duration: 0ms -->
</step><!-- duration: 8423ms -->
