﻿<?xml version="1.0" encoding="utf-8"?>
<deployment>
  <id>7c3ef0c7e077450dbc8ca83b686bb1e9</id>
  <author>N/A</author>
  <deployer>OneDeploy</deployer>
  <authorEmail>N/A</authorEmail>
  <message>OneDeploy</message>
  <progress></progress>
  <status>Success</status>
  <statusText></statusText>
  <lastSuccessEndTime>2026-01-22T00:38:21.3646616Z</lastSuccessEndTime>
  <receivedTime>2026-01-22T00:38:18.6913387Z</receivedTime>
  <startTime>2026-01-22T00:38:18.7850389Z</startTime>
  <endTime>2026-01-22T00:38:21.3646616Z</endTime>
  <complete>True</complete>
  <is_temp>False</is_temp>
  <is_readonly>True</is_readonly>
  <project_type>OneDeploy</project_type>
  <vsproject_id></vsproject_id>
</deployment>