﻿<?xml version="1.0" encoding="utf-8"?>
<deployment>
  <id>5654174aa4ea45f3936ef64f0bf67a82</id>
  <author>N/A</author>
  <deployer>OneDeploy</deployer>
  <authorEmail>N/A</authorEmail>
  <message>OneDeploy</message>
  <progress></progress>
  <status>Success</status>
  <statusText></statusText>
  <lastSuccessEndTime>2026-01-26T07:31:41.4850552Z</lastSuccessEndTime>
  <receivedTime>2026-01-26T07:31:37.1564432Z</receivedTime>
  <startTime>2026-01-26T07:31:37.343949Z</startTime>
  <endTime>2026-01-26T07:31:41.4850552Z</endTime>
  <complete>True</complete>
  <is_temp>False</is_temp>
  <is_readonly>True</is_readonly>
  <project_type>OneDeploy</project_type>
  <vsproject_id></vsproject_id>
</deployment>