﻿<?xml version="1.0" encoding="utf-8"?>
<deployment>
  <id>4b33e6b8b42448988a02bd6f3b5089eb</id>
  <author>N/A</author>
  <deployer>OneDeploy</deployer>
  <authorEmail>N/A</authorEmail>
  <message>OneDeploy</message>
  <progress></progress>
  <status>Success</status>
  <statusText></statusText>
  <lastSuccessEndTime>2026-01-22T01:05:44.8375302Z</lastSuccessEndTime>
  <receivedTime>2026-01-22T01:05:41.2586392Z</receivedTime>
  <startTime>2026-01-22T01:05:41.352393Z</startTime>
  <endTime>2026-01-22T01:05:44.8375302Z</endTime>
  <complete>True</complete>
  <is_temp>False</is_temp>
  <is_readonly>True</is_readonly>
  <project_type>OneDeploy</project_type>
  <vsproject_id></vsproject_id>
</deployment>