{"TimeStamp":"2026-01-26T07:31:41Z","SiteName":"fomsapp-api-dev","RequestId":"03a733e3-fa89-11f0-b0cc-f4a475b53bae","Kind":"OneDeploy","Status":"Success","Details":"{\"Id\":\"5654174aa4ea45f3936ef64f0bf67a82\",\"Status\":4,\"StatusText\":\"\",\"AuthorEmail\":\"N/A\",\"Author\":\"N/A\",\"Message\":\"OneDeploy\",\"Progress\":\"\",\"Deployer\":\"OneDeploy\",\"ReceivedTime\":\"2026-01-26T07:31:37.1564432Z\",\"StartTime\":\"2026-01-26T07:31:37.343949Z\",\"EndTime\":\"2026-01-26T07:31:41.4850552Z\",\"LastSuccessEndTime\":\"2026-01-26T07:31:41.4850552Z\",\"Complete\":true,\"IsTemporary\":false,\"IsReadOnly\":true,\"SiteName\":\"fomsapp-api-dev\",\"HostName\":\"fomsapp-api-dev-ehg5fxa3hneqd9cb.scm.centralus-01.azurewebsites.net\",\"ProjectType\":\"OneDeploy\",\"VsProjectId\":null}"}