﻿<?xml version="1.0" encoding="utf-8"?>
<deployment>
  <id>440f35072898435398c0162297ddaf45</id>
  <author>N/A</author>
  <deployer>OneDeploy</deployer>
  <authorEmail>N/A</authorEmail>
  <message>OneDeploy</message>
  <progress></progress>
  <status>Success</status>
  <statusText></statusText>
  <lastSuccessEndTime>2026-01-26T01:40:11.7139979Z</lastSuccessEndTime>
  <receivedTime>2026-01-26T01:40:08.8176469Z</receivedTime>
  <startTime>2026-01-26T01:40:08.9738994Z</startTime>
  <endTime>2026-01-26T01:40:11.7139979Z</endTime>
  <complete>True</complete>
  <is_temp>False</is_temp>
  <is_readonly>True</is_readonly>
  <project_type>OneDeploy</project_type>
  <vsproject_id></vsproject_id>
</deployment>